CHAVE LOG;CELULA;ESTACAO_ABASTECEDORA;UF;MUNICIPIO;LOCALIDADE;COD_LOCALIDADE;LOCALIDADE_ABREV;LOGRADOURO;COD_LOGRADOURO;NUM_FACHADA;COMPLEMENTO;COMPLEMENTO2;COMPLEMENTO3;CEP;BAIRRO;COD_SURVEY;QUANTIDADE_UMS;COD_VIABILIDADE;TIPO_VIABILIDADE;                     ;UCS_RESIDENCIAIS;UCS_COMERCIAIS;NOME_CDO;ID_ENDERECO;LATITUDE;LONGITUDE;TIPO_SURVEY;REDE_INTERNA;UMS_CERTIFICADAS;REDE_EDIF_CERT;DISP_COMERCIAL;ESTADO_CONTROLE;DATA_ESTADO_CONTROLE;ID_CELULA;QUANTIDADE_HCS;ID_ROTEIRO;ID_LOCALIDADE;ORDEM;RESULTADO;COD_ZONA;COMPARATIVO
ACG-APARECIDA DE GOIANIA-RUA ERNESTO LUIZ FURTADO-QU 5-LT 1;01 (ACG) Secundária;ACG;GO;APARECIDA DE GOIANIA;APARECIDA DE GOIANIA;62198;ACG;RUA ERNESTO LUIZ FURTADO;2600138510;SN;QU 5;LT 1;CA 2;74980035;S CENTRAL;H471133;1;0;Viável;REUSO;0;1;CDOE-0116;44327491;-16,8208953;-49,242605;MORADIA;;N;N;Sim;;;1168377308;;6396573;1891601;1;CA1;GO-GNA-ACG-CEOS-01;FALSO
ACG-APARECIDA DE GOIANIA-RUA ERNESTO LUIZ FURTADO-QU 5-LT 1;01 (ACG) Secundária;ACG;GO;APARECIDA DE GOIANIA;APARECIDA DE GOIANIA;62198;ACG;RUA ERNESTO LUIZ FURTADO;2600138510;SN;QU 5;LT 1;CA 3;74980035;S CENTRAL;H471259;1;0;Viável;REUSO;1;0;CDOE-0116;44327929;-16,8208349;-49,2426507;MORADIA;;N;N;Sim;;;1168377308;;6396573;1891601;2;CA2;GO-GNA-ACG-CEOS-01;FALSO
ACG-APARECIDA DE GOIANIA-RUA ERNESTO LUIZ FURTADO-QU 5-LT 1;01 (ACG) Secundária;ACG;GO;APARECIDA DE GOIANIA;APARECIDA DE GOIANIA;62198;ACG;RUA ERNESTO LUIZ FURTADO;2600138510;SN;QU 5;LT 1;CA 1;74980035;S CENTRAL;H471218;1;0;Viável;REUSO;0;1;CDOE-0116;44327779;-16,820875;-49,242607;MORADIA;;N;N;Sim;;;1168377308;;6396573;1891601;3;CA3;GO-GNA-ACG-CEOS-01;FALSO
ACG-APARECIDA DE GOIANIA-RUA JOAO BATISTA DE TOLEDO-QU 14-LT 16;01 (ACG) Secundária;ACG;GO;APARECIDA DE GOIANIA;APARECIDA DE GOIANIA;62198;ACG;RUA JOAO BATISTA DE TOLEDO;2605789240;18;QU 14;LT 16;CA 1;74980060;SETOR CENTRAL;H471156;1;0;Viável;REUSO;0;1;CDOE-0102;44327606;-16,822401;-49,243544;MORADIA;;N;N;Sim;;;1168377308;;91914138;1891601;2;CA2;GO-GNA-ACG-CEOS-01;FALSO
ACG-APARECIDA DE GOIANIA-RUA JOAO BATISTA DE TOLEDO-QU 14-LT 16;01 (ACG) Secundária;ACG;GO;APARECIDA DE GOIANIA;APARECIDA DE GOIANIA;62198;ACG;RUA JOAO BATISTA DE TOLEDO;2605789240;18;QU 14;LT 16;CA 2;74980060;SETOR CENTRAL;H471263;1;0;Viável;REUSO;0;1;CDOE-0102;44327943;-16,8223879;-49,243478;MORADIA;;N;N;Sim;;;1168377308;;32088527;1891601;3;CA3;GO-GNA-ACG-CEOS-01;FALSO
ACG-APARECIDA DE GOIANIA-RUA JOAO BATISTA DE TOLEDO-QU 14-LT 16;01 (ACG) Secundária;ACG;GO;APARECIDA DE GOIANIA;APARECIDA DE GOIANIA;62198;ACG;RUA JOAO BATISTA DE TOLEDO;2605789240;18;QU 14;LT 16;CA 2;74980060;SETOR CENTRAL;H471263;1;0;Viável;REUSO;0;1;CDOE-0102;44327943;-16,8223879;-49,243478;MORADIA;;N;N;Sim;;;1168377308;;91914138;1891601;4;CA4;GO-GNA-ACG-CEOS-01;FALSO
ACG-APARECIDA DE GOIANIA-RUA JOAO BATISTA DE TOLEDO-QU 14-LT 16;01 (ACG) Secundária;ACG;GO;APARECIDA DE GOIANIA;APARECIDA DE GOIANIA;62198;ACG;RUA JOAO BATISTA DE TOLEDO;2605789240;18;QU 14;LT 16;CA 3;74980060;SETOR CENTRAL;H471180;1;0;Viável;REUSO;0;1;CDOE-0102;44327669;-16,8224147;-49,2434813;MORADIA;;N;N;Sim;;;1168377308;;32088527;1891601;5;CA5;GO-GNA-ACG-CEOS-01;FALSO
ACG-APARECIDA DE GOIANIA-RUA JOAO BATISTA DE TOLEDO-QU 14-LT 16;01 (ACG) Secundária;ACG;GO;APARECIDA DE GOIANIA;APARECIDA DE GOIANIA;62198;ACG;RUA JOAO BATISTA DE TOLEDO;2605789240;18;QU 14;LT 16;CA 3;74980060;SETOR CENTRAL;H471180;1;0;Viável;REUSO;0;1;CDOE-0102;44327669;-16,8224147;-49,2434813;MORADIA;;N;N;Sim;;;1168377308;;91914138;1891601;6;CA6;GO-GNA-ACG-CEOS-01;FALSO
ACG-APARECIDA DE GOIANIA-RUA JOAO BATISTA DE TOLEDO-QU 17-LT 4;01 (ACG) Secundária;ACG;GO;APARECIDA DE GOIANIA;APARECIDA DE GOIANIA;62198;ACG;RUA JOAO BATISTA DE TOLEDO;2605789240;214;QU 17;LT 4;CA 1;74980060;SETOR CENTRAL;H471260;1;0;Viável;REUSO;0;1;CDOE-0102;44327888;-16,8227397;-49,2434601;MORADIA;;N;N;Sim;;;1168377308;;91914138;1891601;2;CA2;GO-GNA-ACG-CEOS-01;FALSO
ACG-APARECIDA DE GOIANIA-RUA JOAO BATISTA DE TOLEDO-QU 17-LT 4;01 (ACG) Secundária;ACG;GO;APARECIDA DE GOIANIA;APARECIDA DE GOIANIA;62198;ACG;RUA JOAO BATISTA DE TOLEDO;2605789240;214;QU 17;LT 4;CA 2;74980060;SETOR CENTRAL;H471240;1;0;Viável;REUSO;0;1;CDOE-0102;44327739;-16,82276;-49,24346;MORADIA;;N;N;Sim;;;1168377308;;32088527;1891601;3;CA3;GO-GNA-ACG-CEOS-01;FALSO
ACG-APARECIDA DE GOIANIA-RUA JOAO BATISTA DE TOLEDO-QU 17-LT 4;01 (ACG) Secundária;ACG;GO;APARECIDA DE GOIANIA;APARECIDA DE GOIANIA;62198;ACG;RUA JOAO BATISTA DE TOLEDO;2605789240;214;QU 17;LT 4;CA 2;74980060;SETOR CENTRAL;H471240;1;0;Viável;REUSO;0;1;CDOE-0102;44327739;-16,82276;-49,24346;MORADIA;;N;N;Sim;;;1168377308;;91914138;1891601;4;CA4;GO-GNA-ACG-CEOS-01;FALSO
ACG-APARECIDA DE GOIANIA-RUA JOAO BATISTA DE TOLEDO-QU 17-LT 4;01 (ACG) Secundária;ACG;GO;APARECIDA DE GOIANIA;APARECIDA DE GOIANIA;62198;ACG;RUA JOAO BATISTA DE TOLEDO;2605789240;214;QU 17;LT 4;CA 3;74980060;SETOR CENTRAL;H471261;1;0;Viável;REUSO;0;1;CDOE-0102;44327919;-16,82277;-49,243466;MORADIA;;N;N;Sim;;;1168377308;;32088527;1891601;5;CA5;GO-GNA-ACG-CEOS-01;FALSO
ACG-APARECIDA DE GOIANIA-RUA JOAO BATISTA DE TOLEDO-QU 17-LT 4;01 (ACG) Secundária;ACG;GO;APARECIDA DE GOIANIA;APARECIDA DE GOIANIA;62198;ACG;RUA JOAO BATISTA DE TOLEDO;2605789240;214;QU 17;LT 4;CA 3;74980060;SETOR CENTRAL;H471261;1;0;Viável;REUSO;0;1;CDOE-0102;44327919;-16,82277;-49,243466;MORADIA;;N;N;Sim;;;1168377308;;91914138;1891601;6;CA6;GO-GNA-ACG-CEOS-01;FALSO
ACG-APARECIDA DE GOIANIA-RUA JOAO BATISTA DE TOLEDO-QU 17-LT 11;01 (ACG) Secundária;ACG;GO;APARECIDA DE GOIANIA;APARECIDA DE GOIANIA;62198;ACG;RUA JOAO BATISTA DE TOLEDO;2605789240;215;QU 17;LT 11;CA 1;74980060;SETOR CENTRAL;H471279;1;0;Viável;REUSO;0;1;CDOE-0103;44327985;-16,8226686;-49,2439649;MORADIA;;N;N;Sim;;;1168377308;;91914138;1891601;2;CA2;GO-GNA-ACG-CEOS-01;FALSO
ACG-APARECIDA DE GOIANIA-RUA JOAO BATISTA DE TOLEDO-QU 17-LT 11;01 (ACG) Secundária;ACG;GO;APARECIDA DE GOIANIA;APARECIDA DE GOIANIA;62198;ACG;RUA JOAO BATISTA DE TOLEDO;2605789240;215;QU 17;LT 11;CA 2;74980060;SETOR CENTRAL;H471143;1;0;Viável;REUSO;0;1;CDOE-0103;44327501;-16,822685;-49,243978;MORADIA;;N;N;Sim;;;1168377308;;32088527;1891601;3;CA3;GO-GNA-ACG-CEOS-01;FALSO
ACG-APARECIDA DE GOIANIA-RUA JOAO BATISTA DE TOLEDO-QU 17-LT 11;01 (ACG) Secundária;ACG;GO;APARECIDA DE GOIANIA;APARECIDA DE GOIANIA;62198;ACG;RUA JOAO BATISTA DE TOLEDO;2605789240;215;QU 17;LT 11;CA 2;74980060;SETOR CENTRAL;H471143;1;0;Viável;REUSO;0;1;CDOE-0103;44327501;-16,822685;-49,243978;MORADIA;;N;N;Sim;;;1168377308;;91914138;1891601;4;CA4;GO-GNA-ACG-CEOS-01;FALSO
ACG-APARECIDA DE GOIANIA-RUA JOAO BATISTA DE TOLEDO-QU 17-LT 11;01 (ACG) Secundária;ACG;GO;APARECIDA DE GOIANIA;APARECIDA DE GOIANIA;62198;ACG;RUA JOAO BATISTA DE TOLEDO;2605789240;215;QU 17;LT 11;CA 3;74980060;SETOR CENTRAL;H471246;1;0;Viável;REUSO;0;1;CDOE-0103;44327872;-16,8226968;-49,2439784;MORADIA;;N;N;Sim;;;1168377308;;32088527;1891601;5;CA5;GO-GNA-ACG-CEOS-01;FALSO
ACG-APARECIDA DE GOIANIA-RUA JOAO BATISTA DE TOLEDO-QU 17-LT 11;01 (ACG) Secundária;ACG;GO;APARECIDA DE GOIANIA;APARECIDA DE GOIANIA;62198;ACG;RUA JOAO BATISTA DE TOLEDO;2605789240;215;QU 17;LT 11;CA 3;74980060;SETOR CENTRAL;H471246;1;0;Viável;REUSO;0;1;CDOE-0103;44327872;-16,8226968;-49,2439784;MORADIA;;N;N;Sim;;;1168377308;;91914138;1891601;6;CA6;GO-GNA-ACG-CEOS-01;FALSO
ACG-APARECIDA DE GOIANIA-RUA JOAO BATISTA DE TOLEDO-QU 17-LT 5;01 (ACG) Secundária;ACG;GO;APARECIDA DE GOIANIA;APARECIDA DE GOIANIA;62198;ACG;RUA JOAO BATISTA DE TOLEDO;2605789240;251;QU 17;LT 5;SL 1;74980060;SETOR CENTRAL;H471177;1;0;Viável;REUSO;0;1;CDOE-0102;44327685;-16,8227132;-49,243578;MORADIA;;N;N;Sim;;;1168377308;;91914138;1891601;2;SL2;GO-GNA-ACG-CEOS-01;FALSO
ACG-APARECIDA DE GOIANIA-RUA JOAO BATISTA DE TOLEDO-QU 17-LT 5;01 (ACG) Secundária;ACG;GO;APARECIDA DE GOIANIA;APARECIDA DE GOIANIA;62198;ACG;RUA JOAO BATISTA DE TOLEDO;2605789240;251;QU 17;LT 5;SL 2;74980060;SETOR CENTRAL;H471151;1;0;Viável;REUSO;0;1;CDOE-0102;44327589;-16,8227534;-49,2435847;MORADIA;;N;N;Sim;;;1168377308;;32088527;1891601;3;SL3;GO-GNA-ACG-CEOS-01;FALSO
ACG-APARECIDA DE GOIANIA-RUA JOAO BATISTA DE TOLEDO-QU 17-LT 5;01 (ACG) Secundária;ACG;GO;APARECIDA DE GOIANIA;APARECIDA DE GOIANIA;62198;ACG;RUA JOAO BATISTA DE TOLEDO;2605789240;251;QU 17;LT 5;SL 2;74980060;SETOR CENTRAL;H471151;1;0;Viável;REUSO;0;1;CDOE-0102;44327589;-16,8227534;-49,2435847;MORADIA;;N;N;Sim;;;1168377308;;91914138;1891601;4;SL4;GO-GNA-ACG-CEOS-01;FALSO
ACG-APARECIDA DE GOIANIA-RUA JOAO BATISTA DE TOLEDO-QU 17-LT 5;01 (ACG) Secundária;ACG;GO;APARECIDA DE GOIANIA;APARECIDA DE GOIANIA;62198;ACG;RUA JOAO BATISTA DE TOLEDO;2605789240;251;QU 17;LT 5;SL 3;74980060;SETOR CENTRAL;H471238;1;0;Viável;REUSO;0;1;CDOE-0102;44327737;-16,82274;-49,243581;MORADIA;;N;N;Sim;;;1168377308;;32088527;1891601;5;SL5;GO-GNA-ACG-CEOS-01;FALSO
ACG-APARECIDA DE GOIANIA-RUA JOAO BATISTA DE TOLEDO-QU 17-LT 5;01 (ACG) Secundária;ACG;GO;APARECIDA DE GOIANIA;APARECIDA DE GOIANIA;62198;ACG;RUA JOAO BATISTA DE TOLEDO;2605789240;251;QU 17;LT 5;SL 3;74980060;SETOR CENTRAL;H471238;1;0;Viável;REUSO;0;1;CDOE-0102;44327737;-16,82274;-49,243581;MORADIA;;N;N;Sim;;;1168377308;;91914138;1891601;6;SL6;GO-GNA-ACG-CEOS-01;FALSO
ACG-APARECIDA DE GOIANIA-RUA JOAO BATISTA DE TOLEDO-QU 17-LT 5;01 (ACG) Secundária;ACG;GO;APARECIDA DE GOIANIA;APARECIDA DE GOIANIA;62198;ACG;RUA JOAO BATISTA DE TOLEDO;2605789240;251;QU 17;LT 5;SL 4;74980060;SETOR CENTRAL;H471146;1;0;Viável;REUSO;0;1;CDOE-0102;44327536;-16,8227256;-49,243579;MORADIA;;N;N;Sim;;;1168377308;;32088527;1891601;7;SL7;GO-GNA-ACG-CEOS-01;FALSO
ACG-APARECIDA DE GOIANIA-RUA JOAO BATISTA DE TOLEDO-QU 17-LT 5;01 (ACG) Secundária;ACG;GO;APARECIDA DE GOIANIA;APARECIDA DE GOIANIA;62198;ACG;RUA JOAO BATISTA DE TOLEDO;2605789240;251;QU 17;LT 5;SL 4;74980060;SETOR CENTRAL;H471146;1;0;Viável;REUSO;0;1;CDOE-0102;44327536;-16,8227256;-49,243579;MORADIA;;N;N;Sim;;;1168377308;;91914138;1891601;8;SL8;GO-GNA-ACG-CEOS-01;FALSO
ACG-APARECIDA DE GOIANIA-RUA JOAO BATISTA DE TOLEDO-QU 13-LT 6;01 (ACG) Secundária;ACG;GO;APARECIDA DE GOIANIA;APARECIDA DE GOIANIA;62198;ACG;RUA JOAO BATISTA DE TOLEDO;2605789240;SN;QU 13;LT 6;SL 3;74980060;SETOR CENTRAL;H471189;1;0;Viável;REUSO;0;1;CDOE-0106;44327691;-16,8224208;-49,2442052;MORADIA;;N;N;Sim;;;1168377308;;32088527;1891601;1;SL1;GO-GNA-ACG-CEOS-01;FALSO
ACG-APARECIDA DE GOIANIA-RUA JOAO BATISTA DE TOLEDO-QU 13-LT 6;01 (ACG) Secundária;ACG;GO;APARECIDA DE GOIANIA;APARECIDA DE GOIANIA;62198;ACG;RUA JOAO BATISTA DE TOLEDO;2605789240;SN;QU 13;LT 6;SL 3;74980060;SETOR CENTRAL;H471189;1;0;Viável;REUSO;0;1;CDOE-0106;44327691;-16,8224208;-49,2442052;MORADIA;;N;N;Sim;;;1168377308;;91914138;1891601;2;SL2;GO-GNA-ACG-CEOS-01;FALSO
ACG-APARECIDA DE GOIANIA-RUA JOAO BATISTA DE TOLEDO-QU 14-LT 2;01 (ACG) Secundária;ACG;GO;APARECIDA DE GOIANIA;APARECIDA DE GOIANIA;62198;ACG;RUA JOAO BATISTA DE TOLEDO;2605789240;SN;QU 14;LT 2;CA 1;74980060;SETOR CENTRAL;H471154;1;0;Viável;REUSO;0;1;CDOE-0103;44327604;-16,8224612;-49,2437939;MORADIA;;N;N;Sim;;;1168377308;;91914138;1891601;2;CA2;GO-GNA-ACG-CEOS-01;FALSO
ACG-APARECIDA DE GOIANIA-RUA JOAO BATISTA DE TOLEDO-QU 14-LT 2;01 (ACG) Secundária;ACG;GO;APARECIDA DE GOIANIA;APARECIDA DE GOIANIA;62198;ACG;RUA JOAO BATISTA DE TOLEDO;2605789240;SN;QU 14;LT 2;CA 2;74980060;SETOR CENTRAL;H471153;1;0;Viável;REUSO;0;1;CDOE-0103;44327591;-16,8224742;-49,2437682;MORADIA;;N;N;Sim;;;1168377308;;32088527;1891601;3;CA3;GO-GNA-ACG-CEOS-01;FALSO
ACG-APARECIDA DE GOIANIA-RUA JOAO BATISTA DE TOLEDO-QU 14-LT 2;01 (ACG) Secundária;ACG;GO;APARECIDA DE GOIANIA;APARECIDA DE GOIANIA;62198;ACG;RUA JOAO BATISTA DE TOLEDO;2605789240;SN;QU 14;LT 2;CA 2;74980060;SETOR CENTRAL;H471153;1;0;Viável;REUSO;0;1;CDOE-0103;44327591;-16,8224742;-49,2437682;MORADIA;;N;N;Sim;;;1168377308;;91914138;1891601;4;CA4;GO-GNA-ACG-CEOS-01;FALSO
ACG-APARECIDA DE GOIANIA-RUA JOAO BATISTA DE TOLEDO-QU 14-LT 2;01 (ACG) Secundária;ACG;GO;APARECIDA DE GOIANIA;APARECIDA DE GOIANIA;62198;ACG;RUA JOAO BATISTA DE TOLEDO;2605789240;SN;QU 14;LT 2;CA 3;74980060;SETOR CENTRAL;H471178;1;0;Viável;REUSO;0;1;CDOE-0103;44327667;-16,8224856;-49,2437967;MORADIA;;N;N;Sim;;;1168377308;;32088527;1891601;5;CA5;GO-GNA-ACG-CEOS-01;FALSO
ACG-APARECIDA DE GOIANIA-RUA JOAO BATISTA DE TOLEDO-QU 14-LT 2;01 (ACG) Secundária;ACG;GO;APARECIDA DE GOIANIA;APARECIDA DE GOIANIA;62198;ACG;RUA JOAO BATISTA DE TOLEDO;2605789240;SN;QU 14;LT 2;CA 3;74980060;SETOR CENTRAL;H471178;1;0;Viável;REUSO;0;1;CDOE-0103;44327667;-16,8224856;-49,2437967;MORADIA;;N;N;Sim;;;1168377308;;91914138;1891601;6;CA6;GO-GNA-ACG-CEOS-01;FALSO
ACG-APARECIDA DE GOIANIA-RUA JOAO BATISTA DE TOLEDO-QU 14-LT 2;01 (ACG) Secundária;ACG;GO;APARECIDA DE GOIANIA;APARECIDA DE GOIANIA;62198;ACG;RUA JOAO BATISTA DE TOLEDO;2605789240;SN;QU 14;LT 2;CA 4;74980060;SETOR CENTRAL;H471179;1;0;Viável;REUSO;0;1;CDOE-0103;44327687;-16,822499;-49,243798;MORADIA;;N;N;Sim;;;1168377308;;32088527;1891601;7;CA7;GO-GNA-ACG-CEOS-01;FALSO
ACG-APARECIDA DE GOIANIA-RUA JOAO BATISTA DE TOLEDO-QU 14-LT 2;01 (ACG) Secundária;ACG;GO;APARECIDA DE GOIANIA;APARECIDA DE GOIANIA;62198;ACG;RUA JOAO BATISTA DE TOLEDO;2605789240;SN;QU 14;LT 2;CA 4;74980060;SETOR CENTRAL;H471179;1;0;Viável;REUSO;0;1;CDOE-0103;44327687;-16,822499;-49,243798;MORADIA;;N;N;Sim;;;1168377308;;91914138;1891601;8;CA8;GO-GNA-ACG-CEOS-01;FALSO
ACG-APARECIDA DE GOIANIA-RUA JOAO BATISTA DE TOLEDO-QU 17-LT 6;01 (ACG) Secundária;ACG;GO;APARECIDA DE GOIANIA;APARECIDA DE GOIANIA;62198;ACG;RUA JOAO BATISTA DE TOLEDO;2605789240;SN;QU 17;LT 6;CA 1;74980060;SETOR CENTRAL;H471140;1;0;Viável;REUSO;0;1;CDOE-0102;44327530;-16,822704;-49,243698;MORADIA;;N;N;Sim;;;1168377308;;91914138;1891601;2;CA2;GO-GNA-ACG-CEOS-01;FALSO
ACG-APARECIDA DE GOIANIA-RUA JOAO BATISTA DE TOLEDO-QU 17-LT 6;01 (ACG) Secundária;ACG;GO;APARECIDA DE GOIANIA;APARECIDA DE GOIANIA;62198;ACG;RUA JOAO BATISTA DE TOLEDO;2605789240;SN;QU 17;LT 6;CA 2;74980060;SETOR CENTRAL;H471207;1;0;Viável;REUSO;0;1;CDOE-0102;44327759;-16,8227235;-49,2436947;MORADIA;;N;N;Sim;;;1168377308;;32088527;1891601;3;CA3;GO-GNA-ACG-CEOS-01;FALSO
ACG-APARECIDA DE GOIANIA-RUA JOAO BATISTA DE TOLEDO-QU 17-LT 6;01 (ACG) Secundária;ACG;GO;APARECIDA DE GOIANIA;APARECIDA DE GOIANIA;62198;ACG;RUA JOAO BATISTA DE TOLEDO;2605789240;SN;QU 17;LT 6;CA 2;74980060;SETOR CENTRAL;H471207;1;0;Viável;REUSO;0;1;CDOE-0102;44327759;-16,8227235;-49,2436947;MORADIA;;N;N;Sim;;;1168377308;;91914138;1891601;4;CA4;GO-GNA-ACG-CEOS-01;FALSO
ACG-APARECIDA DE GOIANIA-RUA JOAO BATISTA DE TOLEDO-QU 17-LT 6;01 (ACG) Secundária;ACG;GO;APARECIDA DE GOIANIA;APARECIDA DE GOIANIA;62198;ACG;RUA JOAO BATISTA DE TOLEDO;2605789240;SN;QU 17;LT 6;CA 3;74980060;SETOR CENTRAL;H471176;1;0;Viável;REUSO;0;1;CDOE-0102;44327665;-16,822744;-49,243695;MORADIA;;N;N;Sim;;;1168377308;;32088527;1891601;5;CA5;GO-GNA-ACG-CEOS-01;FALSO
ACG-APARECIDA DE GOIANIA-RUA JOAO BATISTA DE TOLEDO-QU 17-LT 6;01 (ACG) Secundária;ACG;GO;APARECIDA DE GOIANIA;APARECIDA DE GOIANIA;62198;ACG;RUA JOAO BATISTA DE TOLEDO;2605789240;SN;QU 17;LT 6;CA 3;74980060;SETOR CENTRAL;H471176;1;0;Viável;REUSO;0;1;CDOE-0102;44327665;-16,822744;-49,243695;MORADIA;;N;N;Sim;;;1168377308;;91914138;1891601;6;CA6;GO-GNA-ACG-CEOS-01;FALSO
ACG-APARECIDA DE GOIANIA-RUA JOAO BATISTA DE TOLEDO-QU 17-LT 7;01 (ACG) Secundária;ACG;GO;APARECIDA DE GOIANIA;APARECIDA DE GOIANIA;62198;ACG;RUA JOAO BATISTA DE TOLEDO;2605789240;SN;QU 17;LT 7;CA 1;74980060;SETOR CENTRAL;H471278;1;0;Viável;REUSO;0;1;CDOE-0102;44327901;-16,8226793;-49,2438076;MORADIA;;N;N;Sim;;;1168377308;;91914138;1891601;2;CA2;GO-GNA-ACG-CEOS-01;FALSO
ACG-APARECIDA DE GOIANIA-RUA JOAO BATISTA DE TOLEDO-QU 17-LT 7;01 (ACG) Secundária;ACG;GO;APARECIDA DE GOIANIA;APARECIDA DE GOIANIA;62198;ACG;RUA JOAO BATISTA DE TOLEDO;2605789240;SN;QU 17;LT 7;CA 2;74980060;SETOR CENTRAL;H471247;1;0;Viável;REUSO;0;1;CDOE-0102;44327841;-16,822691;-49,243817;MORADIA;;N;N;Sim;;;1168377308;;32088527;1891601;3;CA3;GO-GNA-ACG-CEOS-01;FALSO
ACG-APARECIDA DE GOIANIA-RUA JOAO BATISTA DE TOLEDO-QU 17-LT 7;01 (ACG) Secundária;ACG;GO;APARECIDA DE GOIANIA;APARECIDA DE GOIANIA;62198;ACG;RUA JOAO BATISTA DE TOLEDO;2605789240;SN;QU 17;LT 7;CA 2;74980060;SETOR CENTRAL;H471247;1;0;Viável;REUSO;0;1;CDOE-0102;44327841;-16,822691;-49,243817;MORADIA;;N;N;Sim;;;1168377308;;91914138;1891601;4;CA4;GO-GNA-ACG-CEOS-01;FALSO
ACG-APARECIDA DE GOIANIA-RUA JOAO BATISTA DE TOLEDO-QU 16-LT 3;135 (ACG) Secundária;ACG;GO;APARECIDA DE GOIANIA;APARECIDA DE GOIANIA;62198;ACG;RUA JOAO BATISTA DE TOLEDO;2605789240;SN;QU 16;LT 3;SL 1;74980060;SETOR CENTRAL;H1174982;1;0;Viável;REUSO;0;1;CDOE-13501;77292849;-16,8228886;-49,24263;MORADIA;;N;N;Sim;;;2478061939;;91914138;1891601;2;SL2;GO-GNA-ACG-CEOS-135;FALSO
ACG-APARECIDA DE GOIANIA-RUA JOAO BATISTA DE TOLEDO-QU 16-LT 3;135 (ACG) Secundária;ACG;GO;APARECIDA DE GOIANIA;APARECIDA DE GOIANIA;62198;ACG;RUA JOAO BATISTA DE TOLEDO;2605789240;SN;QU 16;LT 3;SL 2;74980060;SETOR CENTRAL;H1174981;1;0;Viável;REUSO;0;1;CDOE-13501;77292834;-16,8228966;-49,2426354;MORADIA;;N;N;Sim;;;2478061939;;32088527;1891601;3;SL3;GO-GNA-ACG-CEOS-135;FALSO
ACG-APARECIDA DE GOIANIA-RUA JOAO BATISTA DE TOLEDO-QU 16-LT 3;135 (ACG) Secundária;ACG;GO;APARECIDA DE GOIANIA;APARECIDA DE GOIANIA;62198;ACG;RUA JOAO BATISTA DE TOLEDO;2605789240;SN;QU 16;LT 3;SL 2;74980060;SETOR CENTRAL;H1174981;1;0;Viável;REUSO;0;1;CDOE-13501;77292834;-16,8228966;-49,2426354;MORADIA;;N;N;Sim;;;2478061939;;91914138;1891601;4;SL4;GO-GNA-ACG-CEOS-135;FALSO
ACG-APARECIDA DE GOIANIA-RUA JOAO BATISTA DE TOLEDO-QU 18-LT 7A;2 (ACG) Secundária;ACG;GO;APARECIDA DE GOIANIA;APARECIDA DE GOIANIA;62198;ACG;RUA JOAO BATISTA DE TOLEDO;2605789240;SN;QU 18;LT 7A;SL 2;74980060;SETOR CENTRAL;H1174836;1;0;Viável;REUSO;0;1;CDOE-218;77292136;-16,8223403;-49,2458396;MORADIA;;N;N;Sim;;;2477942546;;32088527;1891601;1;SL1;GO-GNA-ACG-CEOS-2;FALSO
ACG-APARECIDA DE GOIANIA-RUA JOAO BATISTA DE TOLEDO-QU 18-LT 7A;2 (ACG) Secundária;ACG;GO;APARECIDA DE GOIANIA;APARECIDA DE GOIANIA;62198;ACG;RUA JOAO BATISTA DE TOLEDO;2605789240;SN;QU 18;LT 7A;SL 3;74980060;SETOR CENTRAL;H1174671;1;0;Viável;REUSO;0;1;CDOE-218;77291161;-16,8223792;-49,2458504;MORADIA;;N;N;Sim;;;2477942546;;91914138;1891601;4;SL4;GO-GNA-ACG-CEOS-2;FALSO
ACG-APARECIDA DE GOIANIA-RUA JOAO BATISTA DE TOLEDO-QU 18-LT 7A;2 (ACG) Secundária;ACG;GO;APARECIDA DE GOIANIA;APARECIDA DE GOIANIA;62198;ACG;RUA JOAO BATISTA DE TOLEDO;2605789240;SN;QU 18;LT 7A;SL 4;74980060;SETOR CENTRAL;H1174831;1;0;Viável;REUSO;0;1;CDOE-218;77292102;-16,8223839;-49,2457806;MORADIA;;N;N;Sim;;;2477942546;;32088527;1891601;5;SL5;GO-GNA-ACG-CEOS-2;FALSO
ACG-APARECIDA DE GOIANIA-RUA JOAO BATISTA DE TOLEDO-QU 18-LT 7A;2 (ACG) Secundária;ACG;GO;APARECIDA DE GOIANIA;APARECIDA DE GOIANIA;62198;ACG;RUA JOAO BATISTA DE TOLEDO;2605789240;SN;QU 18;LT 7A;SL 4;74980060;SETOR CENTRAL;H1174831;1;0;Viável;REUSO;0;1;CDOE-218;77292102;-16,8223839;-49,2457806;MORADIA;;N;N;Sim;;;2477942546;;91914138;1891601;6;SL6;GO-GNA-ACG-CEOS-2;FALSO
ACG-APARECIDA DE GOIANIA-RUA JOAO BATISTA DE TOLEDO-QU 18-LT 7A;2 (ACG) Secundária;ACG;GO;APARECIDA DE GOIANIA;APARECIDA DE GOIANIA;62198;ACG;RUA JOAO BATISTA DE TOLEDO;2605789240;SN;QU 18;LT 7A;SL 1;74980060;SETOR CENTRAL;H1174878;1;0;Viável;REUSO;0;1;CDOE-218;77292340;-16,8223437;-49,2457732;MORADIA;;N;N;Sim;;;2477942546;;32088527;1891601;7;SL7;GO-GNA-ACG-CEOS-2;FALSO
ACG-APARECIDA DE GOIANIA-RUA JOAO BATISTA DE TOLEDO-QU 18-LT 7A;2 (ACG) Secundária;ACG;GO;APARECIDA DE GOIANIA;APARECIDA DE GOIANIA;62198;ACG;RUA JOAO BATISTA DE TOLEDO;2605789240;SN;QU 18;LT 7A;SL 1;74980060;SETOR CENTRAL;H1174878;1;0;Viável;REUSO;0;1;CDOE-218;77292340;-16,8223437;-49,2457732;MORADIA;;N;N;Sim;;;2477942546;;91914138;1891601;8;SL8;GO-GNA-ACG-CEOS-2;FALSO
ACG-APARECIDA DE GOIANIA-RUA JOAO BATISTA DE TOLEDO-QU 18-LT 8;2 (ACG) Secundária;ACG;GO;APARECIDA DE GOIANIA;APARECIDA DE GOIANIA;62198;ACG;RUA JOAO BATISTA DE TOLEDO;2605789240;399;QU 18;LT 8;SL 1;74980060;SETOR CENTRAL;H1174880;1;0;Viável;REUSO;0;1;CDOE-218;77292344;-16,8223433;-49,2459726;MORADIA;;N;N;Sim;;;2477942546;;91914138;1891601;2;SL2;GO-GNA-ACG-CEOS-2;FALSO
ACG-APARECIDA DE GOIANIA-RUA JOAO BATISTA DE TOLEDO-QU 18-LT 8;2 (ACG) Secundária;ACG;GO;APARECIDA DE GOIANIA;APARECIDA DE GOIANIA;62198;ACG;RUA JOAO BATISTA DE TOLEDO;2605789240;399;QU 18;LT 8;SL 2;74980060;SETOR CENTRAL;H1174952;1;0;Viável;REUSO;0;1;CDOE-218;77292587;-16,8223084;-49,2460108;MORADIA;;N;N;Sim;;;2477942546;;32088527;1891601;3;SL3;GO-GNA-ACG-CEOS-2;FALSO
ACG-APARECIDA DE GOIANIA-RUA JOAO BATISTA DE TOLEDO-QU 18-LT 8;2 (ACG) Secundária;ACG;GO;APARECIDA DE GOIANIA;APARECIDA DE GOIANIA;62198;ACG;RUA JOAO BATISTA DE TOLEDO;2605789240;399;QU 18;LT 8;SL 2;74980060;SETOR CENTRAL;H1174952;1;0;Viável;REUSO;0;1;CDOE-218;77292587;-16,8223084;-49,2460108;MORADIA;;N;N;Sim;;;2477942546;;91914138;1891601;4;SL4;GO-GNA-ACG-CEOS-2;FALSO
ACG-APARECIDA DE GOIANIA-RUA JOAO BATISTA DE TOLEDO-QU 18-LT 8;2 (ACG) Secundária;ACG;GO;APARECIDA DE GOIANIA;APARECIDA DE GOIANIA;62198;ACG;RUA JOAO BATISTA DE TOLEDO;2605789240;399;QU 18;LT 8;SL 3;74980060;SETOR CENTRAL;H1174699;1;0;Viável;REUSO;0;1;CDOE-218;77291276;-16,8223131;-49,2459558;MORADIA;;N;N;Sim;;;2477942546;;32088527;1891601;5;SL5;GO-GNA-ACG-CEOS-2;FALSO
ACG-APARECIDA DE GOIANIA-RUA JOAO BATISTA DE TOLEDO-QU 18-LT 8;2 (ACG) Secundária;ACG;GO;APARECIDA DE GOIANIA;APARECIDA DE GOIANIA;62198;ACG;RUA JOAO BATISTA DE TOLEDO;2605789240;399;QU 18;LT 8;SL 3;74980060;SETOR CENTRAL;H1174699;1;0;Viável;REUSO;0;1;CDOE-218;77291276;-16,8223131;-49,2459558;MORADIA;;N;N;Sim;;;2477942546;;91914138;1891601;6;SL6;GO-GNA-ACG-CEOS-2;FALSO
ACG-APARECIDA DE GOIANIA-RUA JOAO BATISTA DE TOLEDO-LT 5-PD BRADESCO;2 (ACG) Secundária;ACG;GO;APARECIDA DE GOIANIA;APARECIDA DE GOIANIA;62198;ACG;RUA JOAO BATISTA DE TOLEDO;2605789240;SN;LT 5;PD BRADESCO;DV B2B;74980060;SETOR CENTRAL;H1174903;1;0;Viável;REUSO;0;1;CDOE-218;77292412;-16,8224237;-49,2443327;MORADIA;;N;N;Sim;;;2477942546;;32088527;1891601;1;DV1;GO-GNA-ACG-CEOS-2;FALSO
ACG-APARECIDA DE GOIANIA-RUA JOAO BATISTA DE TOLEDO-LT 5-PD BRADESCO;2 (ACG) Secundária;ACG;GO;APARECIDA DE GOIANIA;APARECIDA DE GOIANIA;62198;ACG;RUA JOAO BATISTA DE TOLEDO;2605789240;SN;LT 5;PD BRADESCO;DV B2B;74980060;SETOR CENTRAL;H1174903;1;0;Viável;REUSO;0;1;CDOE-218;77292412;-16,8224237;-49,2443327;MORADIA;;N;N;Sim;;;2477942546;;91914138;1891601;2;DV2;GO-GNA-ACG-CEOS-2;FALSO
ACG-APARECIDA DE GOIANIA-RUA JOAO BATISTA DE TOLEDO-LT AREA-QQ 1;2 (ACG) Secundária;ACG;GO;APARECIDA DE GOIANIA;APARECIDA DE GOIANIA;62198;ACG;RUA JOAO BATISTA DE TOLEDO;2605789240;SN;LT AREA;QQ 1;SL 1;74980060;SETOR CENTRAL;H460223;1;0;Viável;REUSO;0;1;CDOE-228;43698479;-16,8225006;-49,2448946;MORADIA;;N;N;Sim;;;2477942546;;91914138;1891601;2;SL2;GO-GNA-ACG-CEOS-2;FALSO
ACG-APARECIDA DE GOIANIA-RUA JOAO BATISTA DE TOLEDO-LT AREA-QQ 2;2 (ACG) Secundária;ACG;GO;APARECIDA DE GOIANIA;APARECIDA DE GOIANIA;62198;ACG;RUA JOAO BATISTA DE TOLEDO;2605789240;SN;LT AREA;QQ 2;SL 3;74980060;SETOR CENTRAL;H458456;1;0;Viável;REUSO;0;1;CDOE-228;43657126;-16,8225462;-49,2449081;MORADIA;;N;N;Sim;;;2477942546;;32088527;1891601;1;SL1;GO-GNA-ACG-CEOS-2;FALSO
ACG-APARECIDA DE GOIANIA-RUA JOAO BATISTA DE TOLEDO-LT AREA-QQ 2;2 (ACG) Secundária;ACG;GO;APARECIDA DE GOIANIA;APARECIDA DE GOIANIA;62198;ACG;RUA JOAO BATISTA DE TOLEDO;2605789240;SN;LT AREA;QQ 2;SL 3;74980060;SETOR CENTRAL;H458456;1;0;Viável;REUSO;0;1;CDOE-228;43657126;-16,8225462;-49,2449081;MORADIA;;N;N;Sim;;;2477942546;;91914138;1891601;2;SL2;GO-GNA-ACG-CEOS-2;FALSO
ACG-APARECIDA DE GOIANIA-RUA JOAO BATISTA DE TOLEDO-LT AREA-QQ 3;2 (ACG) Secundária;ACG;GO;APARECIDA DE GOIANIA;APARECIDA DE GOIANIA;62198;ACG;RUA JOAO BATISTA DE TOLEDO;2605789240;SN;LT AREA;QQ 3;SL 3;74980060;SETOR CENTRAL;H1174713;1;0;Viável;REUSO;0;1;CDOE-228;77291327;-16,8224798;-49,2449805;MORADIA;;N;N;Sim;;;2477942546;;32088527;1891601;1;SL1;GO-GNA-ACG-CEOS-2;FALSO
ACG-APARECIDA DE GOIANIA-RUA JOAO BATISTA DE TOLEDO-LT AREA-QQ 3;2 (ACG) Secundária;ACG;GO;APARECIDA DE GOIANIA;APARECIDA DE GOIANIA;62198;ACG;RUA JOAO BATISTA DE TOLEDO;2605789240;SN;LT AREA;QQ 3;SL 3;74980060;SETOR CENTRAL;H1174713;1;0;Viável;REUSO;0;1;CDOE-228;77291327;-16,8224798;-49,2449805;MORADIA;;N;N;Sim;;;2477942546;;91914138;1891601;2;SL2;GO-GNA-ACG-CEOS-2;FALSO
ACG-APARECIDA DE GOIANIA-RUA JOAO BATISTA DE TOLEDO-LT AREA-QQ 4;2 (ACG) Secundária;ACG;GO;APARECIDA DE GOIANIA;APARECIDA DE GOIANIA;62198;ACG;RUA JOAO BATISTA DE TOLEDO;2605789240;SN;LT AREA;QQ 4;SL 4;74980060;SETOR CENTRAL;H398471;1;0;Viável;REUSO;0;1;CDOE-228;39680328;-16,8225301;-49,2449939;MORADIA;;N;N;Sim;;;2477942546;;32088527;1891601;1;SL1;GO-GNA-ACG-CEOS-2;FALSO
ACG-APARECIDA DE GOIANIA-RUA JOAO BATISTA DE TOLEDO-LT AREA-QQ 4;2 (ACG) Secundária;ACG;GO;APARECIDA DE GOIANIA;APARECIDA DE GOIANIA;62198;ACG;RUA JOAO BATISTA DE TOLEDO;2605789240;SN;LT AREA;QQ 4;SL 4;74980060;SETOR CENTRAL;H398471;1;0;Viável;REUSO;0;1;CDOE-228;39680328;-16,8225301;-49,2449939;MORADIA;;N;N;Sim;;;2477942546;;91914138;1891601;2;SL2;GO-GNA-ACG-CEOS-2;FALSO
ACG-APARECIDA DE GOIANIA-RUA JOAO BATISTA DE TOLEDO-QU 12-LT 1;2 (ACG) Secundária;ACG;GO;APARECIDA DE GOIANIA;APARECIDA DE GOIANIA;62198;ACG;RUA JOAO BATISTA DE TOLEDO;2605789240;SN;QU 12;LT 1;CA 1;74980060;SETOR CENTRAL;H1174967;1;0;Viável;REUSO;1;0;CDOE-218;77292614;-16,8221321;-49,2460212;MORADIA;;N;N;Sim;;;2477942546;;91914138;1891601;2;CA2;GO-GNA-ACG-CEOS-2;FALSO
ACG-APARECIDA DE GOIANIA-RUA JOAO BATISTA DE TOLEDO-QU 12-LT 1;2 (ACG) Secundária;ACG;GO;APARECIDA DE GOIANIA;APARECIDA DE GOIANIA;62198;ACG;RUA JOAO BATISTA DE TOLEDO;2605789240;SN;QU 12;LT 1;CA 2;74980060;SETOR CENTRAL;H1174706;1;0;Viável;REUSO;1;0;CDOE-218;77291291;-16,8221401;-49,2459662;MORADIA;;N;N;Sim;;;2477942546;;32088527;1891601;3;CA3;GO-GNA-ACG-CEOS-2;FALSO
ACG-APARECIDA DE GOIANIA-RUA JOAO BATISTA DE TOLEDO-QU 12-LT 1;2 (ACG) Secundária;ACG;GO;APARECIDA DE GOIANIA;APARECIDA DE GOIANIA;62198;ACG;RUA JOAO BATISTA DE TOLEDO;2605789240;SN;QU 12;LT 1;CA 2;74980060;SETOR CENTRAL;H1174706;1;0;Viável;REUSO;1;0;CDOE-218;77291291;-16,8221401;-49,2459662;MORADIA;;N;N;Sim;;;2477942546;;91914138;1891601;4;CA4;GO-GNA-ACG-CEOS-2;FALSO
ACG-APARECIDA DE GOIANIA-RUA JOAO BATISTA DE TOLEDO-QU 12-LT 1A;2 (ACG) Secundária;ACG;GO;APARECIDA DE GOIANIA;APARECIDA DE GOIANIA;62198;ACG;RUA JOAO BATISTA DE TOLEDO;2605789240;SN;QU 12;LT 1A;CA 1;74980060;SETOR CENTRAL;H1174890;1;0;Viável;REUSO;1;0;CDOE-218;77292359;-16,822137;-49,245849;MORADIA;;N;N;Sim;;;2477942546;;91914138;1891601;2;CA2;GO-GNA-ACG-CEOS-2;FALSO
ACG-APARECIDA DE GOIANIA-RUA JOAO BATISTA DE TOLEDO-QU 12-LT 1A;2 (ACG) Secundária;ACG;GO;APARECIDA DE GOIANIA;APARECIDA DE GOIANIA;62198;ACG;RUA JOAO BATISTA DE TOLEDO;2605789240;SN;QU 12;LT 1A;CA 2;74980060;SETOR CENTRAL;H1174929;1;0;Viável;REUSO;1;0;CDOE-218;77292466;-16,8221739;-49,2458611;MORADIA;;N;N;Sim;;;2477942546;;32088527;1891601;3;CA3;GO-GNA-ACG-CEOS-2;FALSO
ACG-APARECIDA DE GOIANIA-RUA JOAO BATISTA DE TOLEDO-QU 12-LT 1A;2 (ACG) Secundária;ACG;GO;APARECIDA DE GOIANIA;APARECIDA DE GOIANIA;62198;ACG;RUA JOAO BATISTA DE TOLEDO;2605789240;SN;QU 12;LT 1A;CA 2;74980060;SETOR CENTRAL;H1174929;1;0;Viável;REUSO;1;0;CDOE-218;77292466;-16,8221739;-49,2458611;MORADIA;;N;N;Sim;;;2477942546;;91914138;1891601;4;CA4;GO-GNA-ACG-CEOS-2;FALSO
ACG-APARECIDA DE GOIANIA-RUA JOAO BATISTA DE TOLEDO-QU 12-LT 1A;2 (ACG) Secundária;ACG;GO;APARECIDA DE GOIANIA;APARECIDA DE GOIANIA;62198;ACG;RUA JOAO BATISTA DE TOLEDO;2605789240;SN;QU 12;LT 1A;CA 3;74980060;SETOR CENTRAL;H1174737;1;0;Viável;REUSO;1;0;CDOE-218;77291393;-16,822125;-49,2459;MORADIA;;N;N;Sim;;;2477942546;;32088527;1891601;5;CA5;GO-GNA-ACG-CEOS-2;FALSO
ACG-APARECIDA DE GOIANIA-RUA JOAO BATISTA DE TOLEDO-QU 12-LT 1A;2 (ACG) Secundária;ACG;GO;APARECIDA DE GOIANIA;APARECIDA DE GOIANIA;62198;ACG;RUA JOAO BATISTA DE TOLEDO;2605789240;SN;QU 12;LT 1A;CA 3;74980060;SETOR CENTRAL;H1174737;1;0;Viável;REUSO;1;0;CDOE-218;77291393;-16,822125;-49,2459;MORADIA;;N;N;Sim;;;2477942546;;91914138;1891601;6;CA6;GO-GNA-ACG-CEOS-2;FALSO
ACG-APARECIDA DE GOIANIA-RUA JOAO BATISTA DE TOLEDO-QU 12-LT 1A;2 (ACG) Secundária;ACG;GO;APARECIDA DE GOIANIA;APARECIDA DE GOIANIA;62198;ACG;RUA JOAO BATISTA DE TOLEDO;2605789240;SN;QU 12;LT 1A;SL 1;74980060;SETOR CENTRAL;H1174821;1;0;Viável;REUSO;0;1;CDOE-218;77292114;-16,8221644;-49,2459043;MORADIA;;N;N;Sim;;;2477942546;;91914138;1891601;2;SL2;GO-GNA-ACG-CEOS-2;FALSO
ACG-APARECIDA DE GOIANIA-RUA JOAO BATISTA DE TOLEDO-QU 12-LT 2;2 (ACG) Secundária;ACG;GO;APARECIDA DE GOIANIA;APARECIDA DE GOIANIA;62198;ACG;RUA JOAO BATISTA DE TOLEDO;2605789240;SN;QU 12;LT 2;SL 1;74980060;SETOR CENTRAL;H1174945;1;0;Viável;REUSO;0;1;CDOE-218;77292534;-16,8221905;-49,2457391;MORADIA;;N;N;Sim;;;2477942546;;91914138;1891601;2;SL2;GO-GNA-ACG-CEOS-2;FALSO
ACG-APARECIDA DE GOIANIA-RUA JOAO BATISTA DE TOLEDO-QU 12-LT 2;2 (ACG) Secundária;ACG;GO;APARECIDA DE GOIANIA;APARECIDA DE GOIANIA;62198;ACG;RUA JOAO BATISTA DE TOLEDO;2605789240;SN;QU 12;LT 2;SL 2;74980060;SETOR CENTRAL;H1174638;1;0;Viável;REUSO;0;1;CDOE-218;77291053;-16,8221751;-49,2457901;MORADIA;;N;N;Sim;;;2477942546;;32088527;1891601;3;SL3;GO-GNA-ACG-CEOS-2;FALSO
ACG-APARECIDA DE GOIANIA-RUA JOAO BATISTA DE TOLEDO-QU 12-LT 2;2 (ACG) Secundária;ACG;GO;APARECIDA DE GOIANIA;APARECIDA DE GOIANIA;62198;ACG;RUA JOAO BATISTA DE TOLEDO;2605789240;SN;QU 12;LT 2;SL 2;74980060;SETOR CENTRAL;H1174638;1;0;Viável;REUSO;0;1;CDOE-218;77291053;-16,8221751;-49,2457901;MORADIA;;N;N;Sim;;;2477942546;;91914138;1891601;4;SL4;GO-GNA-ACG-CEOS-2;FALSO
ACG-APARECIDA DE GOIANIA-RUA JOAO BATISTA DE TOLEDO-QU 12-LT 2;2 (ACG) Secundária;ACG;GO;APARECIDA DE GOIANIA;APARECIDA DE GOIANIA;62198;ACG;RUA JOAO BATISTA DE TOLEDO;2605789240;SN;QU 12;LT 2;SL 3;74980060;SETOR CENTRAL;H1174939;1;0;Viável;REUSO;0;1;CDOE-218;77292484;-16,8221939;-49,2456861;MORADIA;;N;N;Sim;;;2477942546;;32088527;1891601;5;SL5;GO-GNA-ACG-CEOS-2;FALSO
ACG-APARECIDA DE GOIANIA-RUA JOAO BATISTA DE TOLEDO-QU 12-LT 2;2 (ACG) Secundária;ACG;GO;APARECIDA DE GOIANIA;APARECIDA DE GOIANIA;62198;ACG;RUA JOAO BATISTA DE TOLEDO;2605789240;SN;QU 12;LT 2;SL 3;74980060;SETOR CENTRAL;H1174939;1;0;Viável;REUSO;0;1;CDOE-218;77292484;-16,8221939;-49,2456861;MORADIA;;N;N;Sim;;;2477942546;;91914138;1891601;6;SL6;GO-GNA-ACG-CEOS-2;FALSO
ACG-APARECIDA DE GOIANIA-RUA JOAO BATISTA DE TOLEDO-QU 12-LT 2;2 (ACG) Secundária;ACG;GO;APARECIDA DE GOIANIA;APARECIDA DE GOIANIA;62198;ACG;RUA JOAO BATISTA DE TOLEDO;2605789240;SN;QU 12;LT 2;SL 4;74980060;SETOR CENTRAL;H1174868;1;0;Viável;REUSO;0;1;CDOE-218;77292271;-16,822157;-49,2457371;MORADIA;;N;N;Sim;;;2477942546;;32088527;1891601;7;SL7;GO-GNA-ACG-CEOS-2;FALSO
ACG-APARECIDA DE GOIANIA-RUA JOAO BATISTA DE TOLEDO-QU 12-LT 2;2 (ACG) Secundária;ACG;GO;APARECIDA DE GOIANIA;APARECIDA DE GOIANIA;62198;ACG;RUA JOAO BATISTA DE TOLEDO;2605789240;SN;QU 12;LT 2;SL 4;74980060;SETOR CENTRAL;H1174868;1;0;Viável;REUSO;0;1;CDOE-218;77292271;-16,822157;-49,2457371;MORADIA;;N;N;Sim;;;2477942546;;91914138;1891601;8;SL8;GO-GNA-ACG-CEOS-2;FALSO
ACG-APARECIDA DE GOIANIA-RUA JOAO BATISTA DE TOLEDO-QU 12-LT 2;2 (ACG) Secundária;ACG;GO;APARECIDA DE GOIANIA;APARECIDA DE GOIANIA;62198;ACG;RUA JOAO BATISTA DE TOLEDO;2605789240;SN;QU 12;LT 2;SL 5;74980060;SETOR CENTRAL;H1174711;1;0;Viável;REUSO;0;1;CDOE-218;77291322;-16,8221516;-49,2456754;MORADIA;;N;N;Sim;;;2477942546;;32088527;1891601;9;SL9;GO-GNA-ACG-CEOS-2;FALSO
ACG-APARECIDA DE GOIANIA-RUA JOAO BATISTA DE TOLEDO-QU 12-LT 2;2 (ACG) Secundária;ACG;GO;APARECIDA DE GOIANIA;APARECIDA DE GOIANIA;62198;ACG;RUA JOAO BATISTA DE TOLEDO;2605789240;SN;QU 12;LT 2;SL 5;74980060;SETOR CENTRAL;H1174711;1;0;Viável;REUSO;0;1;CDOE-218;77291322;-16,8221516;-49,2456754;MORADIA;;N;N;Sim;;;2477942546;;91914138;1891601;10;SL10;GO-GNA-ACG-CEOS-2;FALSO
ACG-APARECIDA DE GOIANIA-RUA JOAO BATISTA DE TOLEDO-QU 12-LT 2;2 (ACG) Secundária;ACG;GO;APARECIDA DE GOIANIA;APARECIDA DE GOIANIA;62198;ACG;RUA JOAO BATISTA DE TOLEDO;2605789240;SN;QU 12;LT 2;SL 6;74980060;SETOR CENTRAL;H1174818;1;0;Viável;REUSO;0;1;CDOE-218;77292044;-16,8221382;-49,245774;MORADIA;;N;N;Sim;;;2477942546;;32088527;1891601;11;SL11;GO-GNA-ACG-CEOS-2;FALSO
ACG-APARECIDA DE GOIANIA-RUA JOAO BATISTA DE TOLEDO-QU 12-LT 2;2 (ACG) Secundária;ACG;GO;APARECIDA DE GOIANIA;APARECIDA DE GOIANIA;62198;ACG;RUA JOAO BATISTA DE TOLEDO;2605789240;SN;QU 12;LT 2;SL 6;74980060;SETOR CENTRAL;H1174818;1;0;Viável;REUSO;0;1;CDOE-218;77292044;-16,8221382;-49,245774;MORADIA;;N;N;Sim;;;2477942546;;91914138;1891601;12;SL12;GO-GNA-ACG-CEOS-2;FALSO
ACG-APARECIDA DE GOIANIA-RUA JOAO BATISTA DE TOLEDO-QU 12-LT 3;2 (ACG) Secundária;ACG;GO;APARECIDA DE GOIANIA;APARECIDA DE GOIANIA;62198;ACG;RUA JOAO BATISTA DE TOLEDO;2605789240;SN;QU 12;LT 3;CA 1;74980060;SETOR CENTRAL;H1337052;1;0;Viável;REUSO;1;0;CDOE-218;89422778;-16,8221955;-49,2454657;MORADIA;;N;N;Sim;;;2477942546;;91914138;1891601;2;CA2;GO-GNA-ACG-CEOS-2;FALSO
ACG-APARECIDA DE GOIANIA-RUA JOAO BATISTA DE TOLEDO-QU 12-LT 3;2 (ACG) Secundária;ACG;GO;APARECIDA DE GOIANIA;APARECIDA DE GOIANIA;62198;ACG;RUA JOAO BATISTA DE TOLEDO;2605789240;SN;QU 12;LT 3;CA 2;74980060;SETOR CENTRAL;H1174790;1;0;Viável;REUSO;1;0;CDOE-218;77291987;-16,8222138;-49,2455748;MORADIA;;N;N;Sim;;;2477942546;;32088527;1891601;3;CA3;GO-GNA-ACG-CEOS-2;FALSO
ACG-APARECIDA DE GOIANIA-RUA JOAO BATISTA DE TOLEDO-QU 12-LT 3;2 (ACG) Secundária;ACG;GO;APARECIDA DE GOIANIA;APARECIDA DE GOIANIA;62198;ACG;RUA JOAO BATISTA DE TOLEDO;2605789240;SN;QU 12;LT 3;CA 2;74980060;SETOR CENTRAL;H1174790;1;0;Viável;REUSO;1;0;CDOE-218;77291987;-16,8222138;-49,2455748;MORADIA;;N;N;Sim;;;2477942546;;91914138;1891601;4;CA4;GO-GNA-ACG-CEOS-2;FALSO
ACG-APARECIDA DE GOIANIA-RUA JOAO BATISTA DE TOLEDO-QU 12-LT 3;2 (ACG) Secundária;ACG;GO;APARECIDA DE GOIANIA;APARECIDA DE GOIANIA;62198;ACG;RUA JOAO BATISTA DE TOLEDO;2605789240;SN;QU 12;LT 3;SL 1;74980060;SETOR CENTRAL;H1174875;1;0;Viável;REUSO;0;1;CDOE-218;77292301;-16,8222358;-49,245417;MORADIA;;N;N;Sim;;;2477942546;;91914138;1891601;2;SL2;GO-GNA-ACG-CEOS-2;FALSO
ACG-APARECIDA DE GOIANIA-RUA JOAO BATISTA DE TOLEDO-QU 12-LT 3;2 (ACG) Secundária;ACG;GO;APARECIDA DE GOIANIA;APARECIDA DE GOIANIA;62198;ACG;RUA JOAO BATISTA DE TOLEDO;2605789240;SN;QU 12;LT 3;SL 2;74980060;SETOR CENTRAL;H1174677;1;0;Viável;REUSO;0;1;CDOE-218;77291214;-16,8222331;-49,245472;MORADIA;;N;N;Sim;;;2477942546;;32088527;1891601;3;SL3;GO-GNA-ACG-CEOS-2;FALSO
ACG-APARECIDA DE GOIANIA-RUA JOAO BATISTA DE TOLEDO-QU 12-LT 3;2 (ACG) Secundária;ACG;GO;APARECIDA DE GOIANIA;APARECIDA DE GOIANIA;62198;ACG;RUA JOAO BATISTA DE TOLEDO;2605789240;SN;QU 12;LT 3;SL 2;74980060;SETOR CENTRAL;H1174677;1;0;Viável;REUSO;0;1;CDOE-218;77291214;-16,8222331;-49,245472;MORADIA;;N;N;Sim;;;2477942546;;91914138;1891601;4;SL4;GO-GNA-ACG-CEOS-2;FALSO
ACG-APARECIDA DE GOIANIA-RUA JOAO BATISTA DE TOLEDO-QU 12-LT 4;2 (ACG) Secundária;ACG;GO;APARECIDA DE GOIANIA;APARECIDA DE GOIANIA;62198;ACG;RUA JOAO BATISTA DE TOLEDO;2605789240;SN;QU 12;LT 4;CA 1;74980060;SETOR CENTRAL;H1337428;1;0;Viável;REUSO;1;0;CDOE-218;89423904;-16,8222422;-49,2453658;MORADIA;;N;N;Sim;;;2477942546;;91914138;1891601;2;CA2;GO-GNA-ACG-CEOS-2;FALSO
ACG-APARECIDA DE GOIANIA-RUA JOAO BATISTA DE TOLEDO-QU 12-LT 4;2 (ACG) Secundária;ACG;GO;APARECIDA DE GOIANIA;APARECIDA DE GOIANIA;62198;ACG;RUA JOAO BATISTA DE TOLEDO;2605789240;SN;QU 12;LT 4;SL 1;74980060;SETOR CENTRAL;H1174941;1;0;Viável;REUSO;0;1;CDOE-218;77292502;-16,8222596;-49,2453135;MORADIA;;N;N;Sim;;;2477942546;;91914138;1891601;2;SL2;GO-GNA-ACG-CEOS-2;FALSO
ACG-APARECIDA DE GOIANIA-RUA JOAO BATISTA DE TOLEDO-QU 13-LT 2;2 (ACG) Secundária;ACG;GO;APARECIDA DE GOIANIA;APARECIDA DE GOIANIA;62198;ACG;RUA JOAO BATISTA DE TOLEDO;2605789240;SN;QU 13;LT 2;SL 1;74980060;SETOR CENTRAL;H1174872;1;0;Viável;REUSO;0;1;CDOE-228;77292294;-16,8223289;-49,2448992;MORADIA;;N;N;Sim;;;2477942546;;91914138;1891601;2;SL2;GO-GNA-ACG-CEOS-2;FALSO
ACG-APARECIDA DE GOIANIA-RUA JOAO BATISTA DE TOLEDO-QU 13-LT 2;2 (ACG) Secundária;ACG;GO;APARECIDA DE GOIANIA;APARECIDA DE GOIANIA;62198;ACG;RUA JOAO BATISTA DE TOLEDO;2605789240;SN;QU 13;LT 2;SL 2;74980060;SETOR CENTRAL;H1174765;1;0;Viável;REUSO;0;1;CDOE-228;77291752;-16,8223289;-49,2448992;MORADIA;;N;N;Sim;;;2477942546;;32088527;1891601;3;SL3;GO-GNA-ACG-CEOS-2;FALSO
ACG-APARECIDA DE GOIANIA-RUA JOAO BATISTA DE TOLEDO-QU 13-LT 2;2 (ACG) Secundária;ACG;GO;APARECIDA DE GOIANIA;APARECIDA DE GOIANIA;62198;ACG;RUA JOAO BATISTA DE TOLEDO;2605789240;SN;QU 13;LT 2;SL 2;74980060;SETOR CENTRAL;H1174765;1;0;Viável;REUSO;0;1;CDOE-228;77291752;-16,8223289;-49,2448992;MORADIA;;N;N;Sim;;;2477942546;;91914138;1891601;4;SL4;GO-GNA-ACG-CEOS-2;FALSO
ACG-APARECIDA DE GOIANIA-RUA JOAO BATISTA DE TOLEDO-QU 13-LT 4;2 (ACG) Secundária;ACG;GO;APARECIDA DE GOIANIA;APARECIDA DE GOIANIA;62198;ACG;RUA JOAO BATISTA DE TOLEDO;2605789240;SN;QU 13;LT 4;SL 1;74980060;SETOR CENTRAL;H1174659;1;0;Viável;REUSO;0;1;CDOE-228;77291065;-16,8223597;-49,2444401;MORADIA;;N;N;Sim;;;2477942546;;91914138;1891601;2;SL2;GO-GNA-ACG-CEOS-2;FALSO
ACG-APARECIDA DE GOIANIA-RUA JOAO BATISTA DE TOLEDO-QU 13-LT 4;2 (ACG) Secundária;ACG;GO;APARECIDA DE GOIANIA;APARECIDA DE GOIANIA;62198;ACG;RUA JOAO BATISTA DE TOLEDO;2605789240;SN;QU 13;LT 4;SL 2;74980060;SETOR CENTRAL;H1174757;1;0;Viável;REUSO;0;1;CDOE-228;77291599;-16,8224048;-49,2444458;MORADIA;;N;N;Sim;;;2477942546;;32088527;1891601;3;SL3;GO-GNA-ACG-CEOS-2;FALSO
ACG-APARECIDA DE GOIANIA-RUA JOAO BATISTA DE TOLEDO-QU 13-LT 4;2 (ACG) Secundária;ACG;GO;APARECIDA DE GOIANIA;APARECIDA DE GOIANIA;62198;ACG;RUA JOAO BATISTA DE TOLEDO;2605789240;SN;QU 13;LT 4;SL 2;74980060;SETOR CENTRAL;H1174757;1;0;Viável;REUSO;0;1;CDOE-228;77291599;-16,8224048;-49,2444458;MORADIA;;N;N;Sim;;;2477942546;;91914138;1891601;4;SL4;GO-GNA-ACG-CEOS-2;FALSO
ACG-APARECIDA DE GOIANIA-RUA JOAO BATISTA DE TOLEDO-QU 13-LT 4;2 (ACG) Secundária;ACG;GO;APARECIDA DE GOIANIA;APARECIDA DE GOIANIA;62198;ACG;RUA JOAO BATISTA DE TOLEDO;2605789240;SN;QU 13;LT 4;SL 3;74980060;SETOR CENTRAL;H1174946;1;0;Viável;REUSO;0;1;CDOE-228;77292506;-16,8223819;-49,2445827;MORADIA;;N;N;Sim;;;2477942546;;32088527;1891601;5;SL5;GO-GNA-ACG-CEOS-2;FALSO
ACG-APARECIDA DE GOIANIA-RUA JOAO BATISTA DE TOLEDO-QU 13-LT 4;2 (ACG) Secundária;ACG;GO;APARECIDA DE GOIANIA;APARECIDA DE GOIANIA;62198;ACG;RUA JOAO BATISTA DE TOLEDO;2605789240;SN;QU 13;LT 4;SL 3;74980060;SETOR CENTRAL;H1174946;1;0;Viável;REUSO;0;1;CDOE-228;77292506;-16,8223819;-49,2445827;MORADIA;;N;N;Sim;;;2477942546;;91914138;1891601;6;SL6;GO-GNA-ACG-CEOS-2;FALSO
ACG-APARECIDA DE GOIANIA-RUA JOAO BATISTA DE TOLEDO-QU 13-LT 4;2 (ACG) Secundária;ACG;GO;APARECIDA DE GOIANIA;APARECIDA DE GOIANIA;62198;ACG;RUA JOAO BATISTA DE TOLEDO;2605789240;SN;QU 13;LT 4;SL 4;74980060;SETOR CENTRAL;H1174827;1;0;Viável;REUSO;0;1;CDOE-228;77292125;-16,8223437;-49,2445156;MORADIA;;N;N;Sim;;;2477942546;;32088527;1891601;7;SL7;GO-GNA-ACG-CEOS-2;FALSO
ACG-APARECIDA DE GOIANIA-RUA JOAO BATISTA DE TOLEDO-QU 13-LT 4;2 (ACG) Secundária;ACG;GO;APARECIDA DE GOIANIA;APARECIDA DE GOIANIA;62198;ACG;RUA JOAO BATISTA DE TOLEDO;2605789240;SN;QU 13;LT 4;SL 4;74980060;SETOR CENTRAL;H1174827;1;0;Viável;REUSO;0;1;CDOE-228;77292125;-16,8223437;-49,2445156;MORADIA;;N;N;Sim;;;2477942546;;91914138;1891601;8;SL8;GO-GNA-ACG-CEOS-2;FALSO
ACG-APARECIDA DE GOIANIA-RUA JOAO BATISTA DE TOLEDO-QU 13-LT 4;2 (ACG) Secundária;ACG;GO;APARECIDA DE GOIANIA;APARECIDA DE GOIANIA;62198;ACG;RUA JOAO BATISTA DE TOLEDO;2605789240;SN;QU 13;LT 4;SL 5;74980060;SETOR CENTRAL;H1174779;1;0;Viável;REUSO;0;1;CDOE-228;77291774;-16,822341;-49,2445733;MORADIA;;N;N;Sim;;;2477942546;;32088527;1891601;9;SL9;GO-GNA-ACG-CEOS-2;FALSO
ACG-APARECIDA DE GOIANIA-RUA JOAO BATISTA DE TOLEDO-QU 13-LT 4;2 (ACG) Secundária;ACG;GO;APARECIDA DE GOIANIA;APARECIDA DE GOIANIA;62198;ACG;RUA JOAO BATISTA DE TOLEDO;2605789240;SN;QU 13;LT 4;SL 5;74980060;SETOR CENTRAL;H1174779;1;0;Viável;REUSO;0;1;CDOE-228;77291774;-16,822341;-49,2445733;MORADIA;;N;N;Sim;;;2477942546;;91914138;1891601;10;SL10;GO-GNA-ACG-CEOS-2;FALSO
ACG-APARECIDA DE GOIANIA-RUA JOAO BATISTA DE TOLEDO-QU 13-LT 4;2 (ACG) Secundária;ACG;GO;APARECIDA DE GOIANIA;APARECIDA DE GOIANIA;62198;ACG;RUA JOAO BATISTA DE TOLEDO;2605789240;SN;QU 13;LT 4;SL 6;74980060;SETOR CENTRAL;H1174693;1;0;Viável;REUSO;0;1;CDOE-228;77291203;-16,8223839;-49,2445284;MORADIA;;N;N;Sim;;;2477942546;;32088527;1891601;11;SL11;GO-GNA-ACG-CEOS-2;FALSO
ACG-APARECIDA DE GOIANIA-RUA JOAO BATISTA DE TOLEDO-QU 13-LT 4;2 (ACG) Secundária;ACG;GO;APARECIDA DE GOIANIA;APARECIDA DE GOIANIA;62198;ACG;RUA JOAO BATISTA DE TOLEDO;2605789240;SN;QU 13;LT 4;SL 6;74980060;SETOR CENTRAL;H1174693;1;0;Viável;REUSO;0;1;CDOE-228;77291203;-16,8223839;-49,2445284;MORADIA;;N;N;Sim;;;2477942546;;91914138;1891601;12;SL12;GO-GNA-ACG-CEOS-2;FALSO
ACG-APARECIDA DE GOIANIA-RUA JOAO BATISTA DE TOLEDO-QU 13-LT 5;2 (ACG) Secundária;ACG;GO;APARECIDA DE GOIANIA;APARECIDA DE GOIANIA;62198;ACG;RUA JOAO BATISTA DE TOLEDO;2605789240;SN;QU 13;LT 5;SL 1;74980060;SETOR CENTRAL;H1335799;1;0;Viável;REUSO;1;0;CDOE-218;89418623;-16,8223767;-49,2443361;MORADIA;;N;N;Sim;;;2477942546;;91914138;1891601;2;SL2;GO-GNA-ACG-CEOS-2;FALSO
ACG-APARECIDA DE GOIANIA-RUA JOAO BATISTA DE TOLEDO-QU 18-LT 5E;2 (ACG) Secundária;ACG;GO;APARECIDA DE GOIANIA;APARECIDA DE GOIANIA;62198;ACG;RUA JOAO BATISTA DE TOLEDO;2605789240;SN;QU 18;LT 5E;SL 1;74980060;SETOR CENTRAL;H1174926;1;0;Viável;REUSO;0;1;CDOE-218;77292461;-16,8224053;-49,2456211;MORADIA;;N;N;Sim;;;2477942546;;91914138;1891601;2;SL2;GO-GNA-ACG-CEOS-2;FALSO
ACG-APARECIDA DE GOIANIA-RUA JOAO BATISTA DE TOLEDO-QU 18-LT 5E;2 (ACG) Secundária;ACG;GO;APARECIDA DE GOIANIA;APARECIDA DE GOIANIA;62198;ACG;RUA JOAO BATISTA DE TOLEDO;2605789240;SN;QU 18;LT 5E;SL 2;74980060;SETOR CENTRAL;H1174684;1;0;Viável;REUSO;0;1;CDOE-218;77291184;-16,8223731;-49,2456688;MORADIA;;N;N;Sim;;;2477942546;;32088527;1891601;3;SL3;GO-GNA-ACG-CEOS-2;FALSO
ACG-APARECIDA DE GOIANIA-RUA JOAO BATISTA DE TOLEDO-QU 18-LT 5E;2 (ACG) Secundária;ACG;GO;APARECIDA DE GOIANIA;APARECIDA DE GOIANIA;62198;ACG;RUA JOAO BATISTA DE TOLEDO;2605789240;SN;QU 18;LT 5E;SL 2;74980060;SETOR CENTRAL;H1174684;1;0;Viável;REUSO;0;1;CDOE-218;77291184;-16,8223731;-49,2456688;MORADIA;;N;N;Sim;;;2477942546;;91914138;1891601;4;SL4;GO-GNA-ACG-CEOS-2;FALSO
ACG-APARECIDA DE GOIANIA-RUA JOAO BATISTA DE TOLEDO-QU 18-LT 5E;2 (ACG) Secundária;ACG;GO;APARECIDA DE GOIANIA;APARECIDA DE GOIANIA;62198;ACG;RUA JOAO BATISTA DE TOLEDO;2605789240;SN;QU 18;LT 5E;SL 3;74980060;SETOR CENTRAL;H1174679;1;0;Viável;REUSO;0;1;CDOE-218;77291180;-16,8223704;-49,2456131;MORADIA;;N;N;Sim;;;2477942546;;32088527;1891601;5;SL5;GO-GNA-ACG-CEOS-2;FALSO
ACG-APARECIDA DE GOIANIA-RUA JOAO BATISTA DE TOLEDO-QU 18-LT 5E;2 (ACG) Secundária;ACG;GO;APARECIDA DE GOIANIA;APARECIDA DE GOIANIA;62198;ACG;RUA JOAO BATISTA DE TOLEDO;2605789240;SN;QU 18;LT 5E;SL 3;74980060;SETOR CENTRAL;H1174679;1;0;Viável;REUSO;0;1;CDOE-218;77291180;-16,8223704;-49,2456131;MORADIA;;N;N;Sim;;;2477942546;;91914138;1891601;6;SL6;GO-GNA-ACG-CEOS-2;FALSO
ACG-APARECIDA DE GOIANIA-RUA JOAO BATISTA DE TOLEDO-QU 8-LT 5;4 (ACG) Secundária;ACG;GO;APARECIDA DE GOIANIA;APARECIDA DE GOIANIA;62198;ACG;RUA JOAO BATISTA DE TOLEDO;2605789240;SN;QU 8;LT 5;CA 2;74980060;SETOR CENTRAL;H357580;1;0;Viável;REUSO;1;0;CDOE-442;36201204;-16,8218949;-49,2482819;MORADIA;;N;N;Sim;;;495667219;;32088527;1891601;1;CA1;GO-GNA-ACG-CEOS-4;FALSO
ACG-APARECIDA DE GOIANIA-RUA JOAO BATISTA DE TOLEDO-QU 11-LT 2;4 (ACG) Secundária;ACG;GO;APARECIDA DE GOIANIA;APARECIDA DE GOIANIA;62198;ACG;RUA JOAO BATISTA DE TOLEDO;2605789240;SN;QU 11;LT 2;CA 1;74980060;SETOR CENTRAL;H248698;1;0;Viável;REUSO;1;0;CDOE-443;28850018;-16,8219697;-49,2468204;MORADIA;;N;N;Sim;;;495667219;;91914138;1891601;2;CA2;GO-GNA-ACG-CEOS-4;FALSO
ACG-APARECIDA DE GOIANIA-RUA JOAO BATISTA DE TOLEDO-QU 11-LT 2;4 (ACG) Secundária;ACG;GO;APARECIDA DE GOIANIA;APARECIDA DE GOIANIA;62198;ACG;RUA JOAO BATISTA DE TOLEDO;2605789240;SN;QU 11;LT 2;CA 2;74980060;SETOR CENTRAL;H248683;1;0;Viável;REUSO;0;1;CDOE-443;28850113;-16,8220027;-49,2468263;MORADIA;;N;N;Sim;;;495667219;;32088527;1891601;3;CA3;GO-GNA-ACG-CEOS-4;FALSO
ACG-APARECIDA DE GOIANIA-RUA JOAO BATISTA DE TOLEDO-QU 11-LT 2;4 (ACG) Secundária;ACG;GO;APARECIDA DE GOIANIA;APARECIDA DE GOIANIA;62198;ACG;RUA JOAO BATISTA DE TOLEDO;2605789240;SN;QU 11;LT 2;CA 2;74980060;SETOR CENTRAL;H248683;1;0;Viável;REUSO;0;1;CDOE-443;28850113;-16,8220027;-49,2468263;MORADIA;;N;N;Sim;;;495667219;;91914138;1891601;4;CA4;GO-GNA-ACG-CEOS-4;FALSO
ACG-APARECIDA DE GOIANIA-RUA JOAO BATISTA DE TOLEDO-QU 11-LT 3;4 (ACG) Secundária;ACG;GO;APARECIDA DE GOIANIA;APARECIDA DE GOIANIA;62198;ACG;RUA JOAO BATISTA DE TOLEDO;2605789240;SN;QU 11;LT 3;CA 1;74980060;SETOR CENTRAL;H248505;1;0;Viável;REUSO;1;0;CDOE-443;28849283;-16,8220232;-49,2467144;MORADIA;;N;N;Sim;;;495667219;;91914138;1891601;2;CA2;GO-GNA-ACG-CEOS-4;FALSO
ACG-APARECIDA DE GOIANIA-RUA JOAO BATISTA DE TOLEDO-QU 11-LT 3;4 (ACG) Secundária;ACG;GO;APARECIDA DE GOIANIA;APARECIDA DE GOIANIA;62198;ACG;RUA JOAO BATISTA DE TOLEDO;2605789240;SN;QU 11;LT 3;CA 2;74980060;SETOR CENTRAL;H248567;1;0;Viável;REUSO;1;0;CDOE-443;28849576;-16,8219629;-49,2467184;MORADIA;;N;N;Sim;;;495667219;;32088527;1891601;3;CA3;GO-GNA-ACG-CEOS-4;FALSO
ACG-APARECIDA DE GOIANIA-RUA JOAO BATISTA DE TOLEDO-QU 11-LT 3;4 (ACG) Secundária;ACG;GO;APARECIDA DE GOIANIA;APARECIDA DE GOIANIA;62198;ACG;RUA JOAO BATISTA DE TOLEDO;2605789240;SN;QU 11;LT 3;CA 2;74980060;SETOR CENTRAL;H248567;1;0;Viável;REUSO;1;0;CDOE-443;28849576;-16,8219629;-49,2467184;MORADIA;;N;N;Sim;;;495667219;;91914138;1891601;4;CA4;GO-GNA-ACG-CEOS-4;FALSO
ACG-APARECIDA DE GOIANIA-RUA JOAO BATISTA DE TOLEDO-QU 11-LT 4;4 (ACG) Secundária;ACG;GO;APARECIDA DE GOIANIA;APARECIDA DE GOIANIA;62198;ACG;RUA JOAO BATISTA DE TOLEDO;2605789240;SN;QU 11;LT 4;CA 1;74980060;SETOR CENTRAL;H248706;1;0;Viável;REUSO;1;0;CDOE-443;28850190;-16,8219848;-49,2465988;MORADIA;;N;N;Sim;;;495667219;;91914138;1891601;2;CA2;GO-GNA-ACG-CEOS-4;FALSO
ACG-APARECIDA DE GOIANIA-RUA JOAO BATISTA DE TOLEDO-QU 11-LT 4;4 (ACG) Secundária;ACG;GO;APARECIDA DE GOIANIA;APARECIDA DE GOIANIA;62198;ACG;RUA JOAO BATISTA DE TOLEDO;2605789240;SN;QU 11;LT 4;CA 2;74980060;SETOR CENTRAL;H248675;1;0;Viável;REUSO;1;0;CDOE-443;28850012;-16,8220425;-49,2466095;MORADIA;;N;N;Sim;;;495667219;;32088527;1891601;3;CA3;GO-GNA-ACG-CEOS-4;FALSO
ACG-APARECIDA DE GOIANIA-RUA JOAO BATISTA DE TOLEDO-QU 11-LT 4;4 (ACG) Secundária;ACG;GO;APARECIDA DE GOIANIA;APARECIDA DE GOIANIA;62198;ACG;RUA JOAO BATISTA DE TOLEDO;2605789240;SN;QU 11;LT 4;CA 2;74980060;SETOR CENTRAL;H248675;1;0;Viável;REUSO;1;0;CDOE-443;28850012;-16,8220425;-49,2466095;MORADIA;;N;N;Sim;;;495667219;;91914138;1891601;4;CA4;GO-GNA-ACG-CEOS-4;FALSO
ACG-APARECIDA DE GOIANIA-RUA JOAO BATISTA DE TOLEDO-QU 19-LT 5;4 (ACG) Secundária;ACG;GO;APARECIDA DE GOIANIA;APARECIDA DE GOIANIA;62198;ACG;RUA JOAO BATISTA DE TOLEDO;2605789240;SN;QU 19;LT 5;SL 1;74980060;SETOR CENTRAL;H1174856;1;0;Viável;REUSO;0;1;CDOE-443;77292183;-16,8221972;-49,2465832;MORADIA;;N;N;Sim;;;495667219;;91914138;1891601;2;SL2;GO-GNA-ACG-CEOS-4;FALSO
ACG-APARECIDA DE GOIANIA-RUA JOAO BATISTA DE TOLEDO-QU 19-LT 5;4 (ACG) Secundária;ACG;GO;APARECIDA DE GOIANIA;APARECIDA DE GOIANIA;62198;ACG;RUA JOAO BATISTA DE TOLEDO;2605789240;SN;QU 19;LT 5;SL 2;74980060;SETOR CENTRAL;H1174767;1;0;Viável;REUSO;0;1;CDOE-443;77291732;-16,8222112;-49,2465228;MORADIA;;N;N;Sim;;;495667219;;32088527;1891601;3;SL3;GO-GNA-ACG-CEOS-4;FALSO
ACG-APARECIDA DE GOIANIA-RUA JOAO BATISTA DE TOLEDO-QU 19-LT 5;4 (ACG) Secundária;ACG;GO;APARECIDA DE GOIANIA;APARECIDA DE GOIANIA;62198;ACG;RUA JOAO BATISTA DE TOLEDO;2605789240;SN;QU 19;LT 5;SL 2;74980060;SETOR CENTRAL;H1174767;1;0;Viável;REUSO;0;1;CDOE-443;77291732;-16,8222112;-49,2465228;MORADIA;;N;N;Sim;;;495667219;;91914138;1891601;4;SL4;GO-GNA-ACG-CEOS-4;FALSO
ACG-APARECIDA DE GOIANIA-RUA JOAO BATISTA DE TOLEDO-QU 19-LT 5;4 (ACG) Secundária;ACG;GO;APARECIDA DE GOIANIA;APARECIDA DE GOIANIA;62198;ACG;RUA JOAO BATISTA DE TOLEDO;2605789240;SN;QU 19;LT 5;SL 3;74980060;SETOR CENTRAL;H1174798;1;0;Viável;REUSO;0;1;CDOE-443;77292027;-16,8222448;-49,2465268;MORADIA;;N;N;Sim;;;495667219;;32088527;1891601;5;SL5;GO-GNA-ACG-CEOS-4;FALSO
ACG-APARECIDA DE GOIANIA-RUA JOAO BATISTA DE TOLEDO-QU 19-LT 5;4 (ACG) Secundária;ACG;GO;APARECIDA DE GOIANIA;APARECIDA DE GOIANIA;62198;ACG;RUA JOAO BATISTA DE TOLEDO;2605789240;SN;QU 19;LT 5;SL 3;74980060;SETOR CENTRAL;H1174798;1;0;Viável;REUSO;0;1;CDOE-443;77292027;-16,8222448;-49,2465268;MORADIA;;N;N;Sim;;;495667219;;91914138;1891601;6;SL6;GO-GNA-ACG-CEOS-4;FALSO
ACG-APARECIDA DE GOIANIA-RUA JOAO BATISTA DE TOLEDO-QU 19-LT 5;4 (ACG) Secundária;ACG;GO;APARECIDA DE GOIANIA;APARECIDA DE GOIANIA;62198;ACG;RUA JOAO BATISTA DE TOLEDO;2605789240;SN;QU 19;LT 5;SL 4;74980060;SETOR CENTRAL;H1174920;1;0;Viável;REUSO;0;1;CDOE-443;77292470;-16,8222441;-49,246561;MORADIA;;N;N;Sim;;;495667219;;32088527;1891601;7;SL7;GO-GNA-ACG-CEOS-4;FALSO
ACG-APARECIDA DE GOIANIA-RUA JOAO BATISTA DE TOLEDO-QU 19-LT 5;4 (ACG) Secundária;ACG;GO;APARECIDA DE GOIANIA;APARECIDA DE GOIANIA;62198;ACG;RUA JOAO BATISTA DE TOLEDO;2605789240;SN;QU 19;LT 5;SL 4;74980060;SETOR CENTRAL;H1174920;1;0;Viável;REUSO;0;1;CDOE-443;77292470;-16,8222441;-49,246561;MORADIA;;N;N;Sim;;;495667219;;91914138;1891601;8;SL8;GO-GNA-ACG-CEOS-4;FALSO
ACG-APARECIDA DE GOIANIA-RUA JOAO BATISTA DE TOLEDO-QU 19-LT 5;4 (ACG) Secundária;ACG;GO;APARECIDA DE GOIANIA;APARECIDA DE GOIANIA;62198;ACG;RUA JOAO BATISTA DE TOLEDO;2605789240;SN;QU 19;LT 5;SL 5;74980060;SETOR CENTRAL;H1174960;1;0;Viável;REUSO;0;1;CDOE-443;77292574;-16,8222052;-49,246553;MORADIA;;N;N;Sim;;;495667219;;32088527;1891601;9;SL9;GO-GNA-ACG-CEOS-4;FALSO
ACG-APARECIDA DE GOIANIA-RUA JOAO BATISTA DE TOLEDO-QU 19-LT 5;4 (ACG) Secundária;ACG;GO;APARECIDA DE GOIANIA;APARECIDA DE GOIANIA;62198;ACG;RUA JOAO BATISTA DE TOLEDO;2605789240;SN;QU 19;LT 5;SL 5;74980060;SETOR CENTRAL;H1174960;1;0;Viável;REUSO;0;1;CDOE-443;77292574;-16,8222052;-49,246553;MORADIA;;N;N;Sim;;;495667219;;91914138;1891601;10;SL10;GO-GNA-ACG-CEOS-4;FALSO
ACG-APARECIDA DE GOIANIA-RUA JOAO BATISTA DE TOLEDO-QU 19-LT 5;4 (ACG) Secundária;ACG;GO;APARECIDA DE GOIANIA;APARECIDA DE GOIANIA;62198;ACG;RUA JOAO BATISTA DE TOLEDO;2605789240;SN;QU 19;LT 5;SL 6;74980060;SETOR CENTRAL;H1174703;1;0;Viável;REUSO;0;1;CDOE-443;77291289;-16,8222387;-49,2465972;MORADIA;;N;N;Sim;;;495667219;;32088527;1891601;11;SL11;GO-GNA-ACG-CEOS-4;FALSO
ACG-APARECIDA DE GOIANIA-RUA JOAO BATISTA DE TOLEDO-QU 19-LT 5;4 (ACG) Secundária;ACG;GO;APARECIDA DE GOIANIA;APARECIDA DE GOIANIA;62198;ACG;RUA JOAO BATISTA DE TOLEDO;2605789240;SN;QU 19;LT 5;SL 6;74980060;SETOR CENTRAL;H1174703;1;0;Viável;REUSO;0;1;CDOE-443;77291289;-16,8222387;-49,2465972;MORADIA;;N;N;Sim;;;495667219;;91914138;1891601;12;SL12;GO-GNA-ACG-CEOS-4;FALSO
ACG-APARECIDA DE GOIANIA-RUA JOAO BATISTA DE TOLEDO-QU 19-LT 6;4 (ACG) Secundária;ACG;GO;APARECIDA DE GOIANIA;APARECIDA DE GOIANIA;62198;ACG;RUA JOAO BATISTA DE TOLEDO;2605789240;SN;QU 19;LT 6;SL 1;74980060;SETOR CENTRAL;H248700;1;0;Viável;REUSO;0;1;CDOE-443;28850163;-16,8222437;-49,2467528;MORADIA;;N;N;Sim;;;495667219;;91914138;1891601;2;SL2;GO-GNA-ACG-CEOS-4;FALSO
ACG-APARECIDA DE GOIANIA-RUA JOAO BATISTA DE TOLEDO-QU 19-LT 6;4 (ACG) Secundária;ACG;GO;APARECIDA DE GOIANIA;APARECIDA DE GOIANIA;62198;ACG;RUA JOAO BATISTA DE TOLEDO;2605789240;SN;QU 19;LT 6;SL 3;74980060;SETOR CENTRAL;H248509;1;0;Viável;REUSO;0;1;CDOE-443;28849305;-16,8222934;-49,2467662;MORADIA;;N;N;Sim;;;495667219;;91914138;1891601;4;SL4;GO-GNA-ACG-CEOS-4;FALSO
ACG-APARECIDA DE GOIANIA-RUA JOAO BATISTA DE TOLEDO-QU 19-LT 6;4 (ACG) Secundária;ACG;GO;APARECIDA DE GOIANIA;APARECIDA DE GOIANIA;62198;ACG;RUA JOAO BATISTA DE TOLEDO;2605789240;SN;QU 19;LT 6;SL 4;74980060;SETOR CENTRAL;H248561;1;0;Viável;REUSO;0;1;CDOE-443;28849556;-16,8222116;-49,2468239;MORADIA;;N;N;Sim;;;495667219;;32088527;1891601;5;SL5;GO-GNA-ACG-CEOS-4;FALSO
ACG-APARECIDA DE GOIANIA-RUA JOAO BATISTA DE TOLEDO-QU 19-LT 6;4 (ACG) Secundária;ACG;GO;APARECIDA DE GOIANIA;APARECIDA DE GOIANIA;62198;ACG;RUA JOAO BATISTA DE TOLEDO;2605789240;SN;QU 19;LT 6;SL 4;74980060;SETOR CENTRAL;H248561;1;0;Viável;REUSO;0;1;CDOE-443;28849556;-16,8222116;-49,2468239;MORADIA;;N;N;Sim;;;495667219;;91914138;1891601;6;SL6;GO-GNA-ACG-CEOS-4;FALSO
ACG-APARECIDA DE GOIANIA-RUA JOAO BATISTA DE TOLEDO-QU 19-LT 6;4 (ACG) Secundária;ACG;GO;APARECIDA DE GOIANIA;APARECIDA DE GOIANIA;62198;ACG;RUA JOAO BATISTA DE TOLEDO;2605789240;SN;QU 19;LT 6;SL 5;74980060;SETOR CENTRAL;H248712;1;0;Viável;REUSO;0;1;CDOE-443;28850208;-16,822174;-49,2467569;MORADIA;;N;N;Sim;;;495667219;;32088527;1891601;7;SL7;GO-GNA-ACG-CEOS-4;FALSO
ACG-APARECIDA DE GOIANIA-RUA JOAO BATISTA DE TOLEDO-QU 19-LT 6;4 (ACG) Secundária;ACG;GO;APARECIDA DE GOIANIA;APARECIDA DE GOIANIA;62198;ACG;RUA JOAO BATISTA DE TOLEDO;2605789240;SN;QU 19;LT 6;SL 5;74980060;SETOR CENTRAL;H248712;1;0;Viável;REUSO;0;1;CDOE-443;28850208;-16,822174;-49,2467569;MORADIA;;N;N;Sim;;;495667219;;91914138;1891601;8;SL8;GO-GNA-ACG-CEOS-4;FALSO
ACG-APARECIDA DE GOIANIA-RUA JOAO BATISTA DE TOLEDO-QU 19-LT 6;4 (ACG) Secundária;ACG;GO;APARECIDA DE GOIANIA;APARECIDA DE GOIANIA;62198;ACG;RUA JOAO BATISTA DE TOLEDO;2605789240;SN;QU 19;LT 6;SL 6;74980060;SETOR CENTRAL;H248689;1;0;Viável;REUSO;0;1;CDOE-443;28850130;-16,8221673;-49,2468105;MORADIA;;N;N;Sim;;;495667219;;32088527;1891601;9;SL9;GO-GNA-ACG-CEOS-4;FALSO
ACG-APARECIDA DE GOIANIA-RUA JOAO BATISTA DE TOLEDO-QU 19-LT 6;4 (ACG) Secundária;ACG;GO;APARECIDA DE GOIANIA;APARECIDA DE GOIANIA;62198;ACG;RUA JOAO BATISTA DE TOLEDO;2605789240;SN;QU 19;LT 6;SL 6;74980060;SETOR CENTRAL;H248689;1;0;Viável;REUSO;0;1;CDOE-443;28850130;-16,8221673;-49,2468105;MORADIA;;N;N;Sim;;;495667219;;91914138;1891601;10;SL10;GO-GNA-ACG-CEOS-4;FALSO
ACG-APARECIDA DE GOIANIA-RUA JOAO BATISTA DE TOLEDO-QU 19-LT 6A;4 (ACG) Secundária;ACG;GO;APARECIDA DE GOIANIA;APARECIDA DE GOIANIA;62198;ACG;RUA JOAO BATISTA DE TOLEDO;2605789240;SN;QU 19;LT 6A;SL 1;74980060;SETOR CENTRAL;H248721;1;0;Viável;REUSO;0;1;CDOE-443;28850229;-16,8222467;-49,2469204;MORADIA;;N;N;Sim;;;495667219;;91914138;1891601;2;SL2;GO-GNA-ACG-CEOS-4;FALSO
ACG-APARECIDA DE GOIANIA-RUA JOAO BATISTA DE TOLEDO-QU 19-LT 6A;4 (ACG) Secundária;ACG;GO;APARECIDA DE GOIANIA;APARECIDA DE GOIANIA;62198;ACG;RUA JOAO BATISTA DE TOLEDO;2605789240;SN;QU 19;LT 6A;SL 2;74980060;SETOR CENTRAL;H248656;1;0;Viável;REUSO;0;1;CDOE-443;28849941;-16,8222373;-49,2469781;MORADIA;;N;N;Sim;;;495667219;;32088527;1891601;3;SL3;GO-GNA-ACG-CEOS-4;FALSO
ACG-APARECIDA DE GOIANIA-RUA JOAO BATISTA DE TOLEDO-QU 19-LT 6A;4 (ACG) Secundária;ACG;GO;APARECIDA DE GOIANIA;APARECIDA DE GOIANIA;62198;ACG;RUA JOAO BATISTA DE TOLEDO;2605789240;SN;QU 19;LT 6A;SL 2;74980060;SETOR CENTRAL;H248656;1;0;Viável;REUSO;0;1;CDOE-443;28849941;-16,8222373;-49,2469781;MORADIA;;N;N;Sim;;;495667219;;91914138;1891601;4;SL4;GO-GNA-ACG-CEOS-4;FALSO
ACG-APARECIDA DE GOIANIA-RUA JOAO BATISTA DE TOLEDO-QU 19-LT 6A;4 (ACG) Secundária;ACG;GO;APARECIDA DE GOIANIA;APARECIDA DE GOIANIA;62198;ACG;RUA JOAO BATISTA DE TOLEDO;2605789240;SN;QU 19;LT 6A;SL 3;74980060;SETOR CENTRAL;H248703;1;0;Viável;REUSO;0;1;CDOE-443;28850186;-16,8221474;-49,246907;MORADIA;;N;N;Sim;;;495667219;;32088527;1891601;5;SL5;GO-GNA-ACG-CEOS-4;FALSO
ACG-APARECIDA DE GOIANIA-RUA JOAO BATISTA DE TOLEDO-QU 19-LT 6A;4 (ACG) Secundária;ACG;GO;APARECIDA DE GOIANIA;APARECIDA DE GOIANIA;62198;ACG;RUA JOAO BATISTA DE TOLEDO;2605789240;SN;QU 19;LT 6A;SL 3;74980060;SETOR CENTRAL;H248703;1;0;Viável;REUSO;0;1;CDOE-443;28850186;-16,8221474;-49,246907;MORADIA;;N;N;Sim;;;495667219;;91914138;1891601;6;SL6;GO-GNA-ACG-CEOS-4;FALSO
ACG-APARECIDA DE GOIANIA-RUA JOAO BATISTA DE TOLEDO-QU 19-LT 6A;4 (ACG) Secundária;ACG;GO;APARECIDA DE GOIANIA;APARECIDA DE GOIANIA;62198;ACG;RUA JOAO BATISTA DE TOLEDO;2605789240;SN;QU 19;LT 6A;SL 4;74980060;SETOR CENTRAL;H248676;1;0;Viável;REUSO;0;1;CDOE-443;28850072;-16,8221394;-49,246962;MORADIA;;N;N;Sim;;;495667219;;32088527;1891601;7;SL7;GO-GNA-ACG-CEOS-4;FALSO
ACG-APARECIDA DE GOIANIA-RUA JOAO BATISTA DE TOLEDO-QU 19-LT 6A;4 (ACG) Secundária;ACG;GO;APARECIDA DE GOIANIA;APARECIDA DE GOIANIA;62198;ACG;RUA JOAO BATISTA DE TOLEDO;2605789240;SN;QU 19;LT 6A;SL 4;74980060;SETOR CENTRAL;H248676;1;0;Viável;REUSO;0;1;CDOE-443;28850072;-16,8221394;-49,246962;MORADIA;;N;N;Sim;;;495667219;;91914138;1891601;8;SL8;GO-GNA-ACG-CEOS-4;FALSO
ACG-APARECIDA DE GOIANIA-RUA JOAO BATISTA DE TOLEDO-QU 19-LT 6A;4 (ACG) Secundária;ACG;GO;APARECIDA DE GOIANIA;APARECIDA DE GOIANIA;62198;ACG;RUA JOAO BATISTA DE TOLEDO;2605789240;SN;QU 19;LT 6A;SL 5;74980060;SETOR CENTRAL;H248508;1;0;Viável;REUSO;0;1;CDOE-443;28849286;-16,8222011;-49,2469191;MORADIA;;N;N;Sim;;;495667219;;32088527;1891601;9;SL9;GO-GNA-ACG-CEOS-4;FALSO
ACG-APARECIDA DE GOIANIA-RUA JOAO BATISTA DE TOLEDO-QU 19-LT 6A;4 (ACG) Secundária;ACG;GO;APARECIDA DE GOIANIA;APARECIDA DE GOIANIA;62198;ACG;RUA JOAO BATISTA DE TOLEDO;2605789240;SN;QU 19;LT 6A;SL 5;74980060;SETOR CENTRAL;H248508;1;0;Viável;REUSO;0;1;CDOE-443;28849286;-16,8222011;-49,2469191;MORADIA;;N;N;Sim;;;495667219;;91914138;1891601;10;SL10;GO-GNA-ACG-CEOS-4;FALSO
ACG-APARECIDA DE GOIANIA-RUA JOAO BATISTA DE TOLEDO-QU 19-LT 6A;4 (ACG) Secundária;ACG;GO;APARECIDA DE GOIANIA;APARECIDA DE GOIANIA;62198;ACG;RUA JOAO BATISTA DE TOLEDO;2605789240;SN;QU 19;LT 6A;SL 6;74980060;SETOR CENTRAL;H248563;1;0;Viável;REUSO;0;1;CDOE-443;28849564;-16,8221917;-49,2469714;MORADIA;;N;N;Sim;;;495667219;;32088527;1891601;11;SL11;GO-GNA-ACG-CEOS-4;FALSO
ACG-APARECIDA DE GOIANIA-RUA JOAO BATISTA DE TOLEDO-QU 19-LT 6A;4 (ACG) Secundária;ACG;GO;APARECIDA DE GOIANIA;APARECIDA DE GOIANIA;62198;ACG;RUA JOAO BATISTA DE TOLEDO;2605789240;SN;QU 19;LT 6A;SL 6;74980060;SETOR CENTRAL;H248563;1;0;Viável;REUSO;0;1;CDOE-443;28849564;-16,8221917;-49,2469714;MORADIA;;N;N;Sim;;;495667219;;91914138;1891601;12;SL12;GO-GNA-ACG-CEOS-4;FALSO
ACG-APARECIDA DE GOIANIA-RUA JOAO BATISTA DE TOLEDO-QU 20-LT 3;4 (ACG) Secundária;ACG;GO;APARECIDA DE GOIANIA;APARECIDA DE GOIANIA;62198;ACG;RUA JOAO BATISTA DE TOLEDO;2605789240;SN;QU 20;LT 3;CA 1;74980060;SETOR CENTRAL;H269197;1;0;Viável;REUSO;1;0;CDOE-442;30692285;-16,8221327;-49,24766;MORADIA;;N;N;Sim;;;495667219;;91914138;1891601;2;CA2;GO-GNA-ACG-CEOS-4;FALSO
ACG-APARECIDA DE GOIANIA-RUA JOAO BATISTA DE TOLEDO-QU 20-LT 3;4 (ACG) Secundária;ACG;GO;APARECIDA DE GOIANIA;APARECIDA DE GOIANIA;62198;ACG;RUA JOAO BATISTA DE TOLEDO;2605789240;SN;QU 20;LT 3;CA 2;74980060;SETOR CENTRAL;H269262;1;0;Viável;REUSO;1;0;CDOE-442;30692486;-16,8220214;-49,2476037;MORADIA;;N;N;Sim;;;495667219;;32088527;1891601;3;CA3;GO-GNA-ACG-CEOS-4;FALSO
ACG-APARECIDA DE GOIANIA-RUA JOAO BATISTA DE TOLEDO-QU 20-LT 3;4 (ACG) Secundária;ACG;GO;APARECIDA DE GOIANIA;APARECIDA DE GOIANIA;62198;ACG;RUA JOAO BATISTA DE TOLEDO;2605789240;SN;QU 20;LT 3;CA 2;74980060;SETOR CENTRAL;H269262;1;0;Viável;REUSO;1;0;CDOE-442;30692486;-16,8220214;-49,2476037;MORADIA;;N;N;Sim;;;495667219;;91914138;1891601;4;CA4;GO-GNA-ACG-CEOS-4;FALSO
ACG-APARECIDA DE GOIANIA-RUA JOSE CANDIDO QUEIROZ-QU 25-LT 14A;01 (ACG) Secundária;ACG;GO;APARECIDA DE GOIANIA;APARECIDA DE GOIANIA;62198;ACG;RUA JOSE CANDIDO QUEIROZ;2600138350;265;QU 25;LT 14A;SL 5;74980070;SETOR CENTRAL;H1366207;1;0;Viável;REUSO;0;1;CDOE-0104;92512475;-16,8231606;-49,2441237;MORADIA;;N;N;Sim;;;1168377308;;57292678;1891601;4;SL4;GO-GNA-ACG-CEOS-01;FALSO
ACG-APARECIDA DE GOIANIA-RUA JOSE CANDIDO QUEIROZ-QU 25-LT 14A;01 (ACG) Secundária;ACG;GO;APARECIDA DE GOIANIA;APARECIDA DE GOIANIA;62198;ACG;RUA JOSE CANDIDO QUEIROZ;2600138350;265;QU 25;LT 14A;SL 6;74980070;SETOR CENTRAL;H471236;1;0;Viável;REUSO;0;1;CDOE-0104;44327831;-16,823138;-49,2441219;MORADIA;;N;N;Sim;;;1168377308;;57292678;1891601;5;SL5;GO-GNA-ACG-CEOS-01;FALSO
ACG-APARECIDA DE GOIANIA-RUA JOSE CANDIDO QUEIROZ-QU 7-LT 4B;01 (ACG) Secundária;ACG;GO;APARECIDA DE GOIANIA;APARECIDA DE GOIANIA;62198;ACG;RUA JOSE CANDIDO QUEIROZ;2600138350;SN;QU 7;LT 4B;CA 2;74980070;SETOR CENTRAL;H471204;1;0;Viável;REUSO;0;1;CDOE-0110;44327765;-16,8216008;-49,2441354;MORADIA;;N;N;Sim;;;1168377308;;57292678;1891601;3;CA3;GO-GNA-ACG-CEOS-01;FALSO
ACG-APARECIDA DE GOIANIA-RUA JOSE CANDIDO QUEIROZ-QU 7-LT 4B;01 (ACG) Secundária;ACG;GO;APARECIDA DE GOIANIA;APARECIDA DE GOIANIA;62198;ACG;RUA JOSE CANDIDO QUEIROZ;2600138350;SN;QU 7;LT 4B;CA 3;74980070;SETOR CENTRAL;H471147;1;0;Viável;REUSO;0;1;CDOE-0110;44327585;-16,8216123;-49,2440955;MORADIA;;N;N;Sim;;;1168377308;;57292678;1891601;4;CA4;GO-GNA-ACG-CEOS-01;FALSO
ACG-APARECIDA DE GOIANIA-RUA JOSE CANDIDO QUEIROZ-QU 24-LT 7;3 (ACG) Secundária;ACG;GO;APARECIDA DE GOIANIA;APARECIDA DE GOIANIA;62198;ACG;RUA JOSE CANDIDO QUEIROZ;2600138350;SN;QU 24;LT 7;SL 9;74980070;SETOR CENTRAL;H269482;1;0;Viável;REUSO;0;1;CDOE-333;30706585;-16,8237653;-49,2444326;MORADIA;;N;N;Sim;;;495681915;;57292678;1891601;1;SL1;GO-GNA-ACG-CEOS-3;FALSO
ACG-APARECIDA DE GOIANIA-RUA JOSE CANDIDO QUEIROZ-QU 29-LT 1;3 (ACG) Secundária;ACG;GO;APARECIDA DE GOIANIA;APARECIDA DE GOIANIA;62198;ACG;RUA JOSE CANDIDO QUEIROZ;2600138350;SN;QU 29;LT 1;SL 1/2;74980070;SETOR CENTRAL;H269458;1;0;Viável;REUSO;0;1;CDOE-333;30706496;-16,824319;-49,2443314;MORADIA;;N;N;Sim;;;495681915;;57292678;1891601;2;SL2;GO-GNA-ACG-CEOS-3;FALSO
ACG-APARECIDA DE GOIANIA-RUA 11 DE MAIO-QU 8-LT 6;2 (ACG) Secundária;ACG;GO;APARECIDA DE GOIANIA;APARECIDA DE GOIANIA;62198;ACG;RUA 11 DE MAIO;2600138690;SN;QU 8;LT 6;CA 2;74980050;SETOR CENTRAL;H1174777;1;0;Viável;REUSO;1;0;CDOE-211;77291738;-16,8213742;-49,245122;MORADIA;;N;N;Sim;;;2477942546;;6505029;1891601;1;CA1;GO-GNA-ACG-CEOS-2;FALSO
ACG-APARECIDA DE GOIANIA-RUA 11 DE MAIO-QU 2-LT 2;4 (ACG) Secundária;ACG;GO;APARECIDA DE GOIANIA;APARECIDA DE GOIANIA;62198;ACG;RUA 11 DE MAIO;2600138690;SN;QU 2;LT 2;CA 2;74980050;SETOR CENTRAL;H248497;1;0;Viável;REUSO;1;0;CDOE-427;28849255;-16,818933;-49,244872;MORADIA;;N;N;Sim;;;495667219;;6505029;1891601;1;CA1;GO-GNA-ACG-CEOS-4;FALSO
ACG-APARECIDA DE GOIANIA-RUA 11 DE MAIO-QU B-LT 8;4 (ACG) Secundária;ACG;GO;APARECIDA DE GOIANIA;APARECIDA DE GOIANIA;62198;ACG;RUA 11 DE MAIO;2600138690;SN;QU B;LT 8;SL 5;74980050;SETOR CENTRAL;H1335987;1;0;Viável;REUSO;1;0;CDOE-421;89419134;-16,8175452;-49,2445362;MORADIA;;N;N;Sim;;;495667219;;6505029;1891601;1;SL1;GO-GNA-ACG-CEOS-4;FALSO
ACG-APARECIDA DE GOIANIA-RUA 11 DE MAIO-QU 3-LT 5;7 (ACG) Secundária;ACG;GO;APARECIDA DE GOIANIA;APARECIDA DE GOIANIA;62198;ACG;RUA 11 DE MAIO;2600138690;SN;QU 3;LT 5;CA 2;74980050;SETOR CENTRAL;H1174416;1;0;Viável;REUSO;0;1;CDOE-709-F;77289286;-16,81873;-49,2444178;MORADIA;;N;N;Sim;;;2481543307;;6505029;1891601;1;CA1;GO-GNA-ACG-CEOS-7;FALSO
ACG-APARECIDA DE GOIANIA-RUA TAMOIOS-QU 14-LT 15;29 (ACG) Secundária;ACG;GO;APARECIDA DE GOIANIA;APARECIDA DE GOIANIA;62198;ACG;RUA TAMOIOS;2600282810;SN;QU 14;LT 15;CA 1;74987015;INTERNACIONAL PARK;H373475;1;0;Viável;REUSO;1;0;CDOE-2937;37599769;-16,8298241;-49,2256036;MORADIA;;N;N;Sim;;;878509256;;92979521;1891601;2;CA2;GO-GNA-ACG-CEOS-29;FALSO
ACG-APARECIDA DE GOIANIA-RUA TAMOIOS-QU 14-LT 16;29 (ACG) Secundária;ACG;GO;APARECIDA DE GOIANIA;APARECIDA DE GOIANIA;62198;ACG;RUA TAMOIOS;2600282810;SN;QU 14;LT 16;CA 1;74987015;INTERNACIONAL PARK;H1217893;1;0;Viável;REUSO;1;0;CDOE-2920;78965454;-16,8297626;-49,225766;MORADIA;;N;N;Sim;;;878509256;;92979521;1891601;2;CA2;GO-GNA-ACG-CEOS-29;FALSO
ACG-APARECIDA DE GOIANIA-RUA TAMOIOS-QU 14-LT 16;29 (ACG) Secundária;ACG;GO;APARECIDA DE GOIANIA;APARECIDA DE GOIANIA;62198;ACG;RUA TAMOIOS;2600282810;SN;QU 14;LT 16;CA 2;74987015;INTERNACIONAL PARK;H373565;1;0;Viável;REUSO;1;0;CDOE-2920;37600046;-16,8297975;-49,2257848;MORADIA;;N;N;Sim;;;878509256;;6575129;1891601;3;CA3;GO-GNA-ACG-CEOS-29;FALSO
ACG-APARECIDA DE GOIANIA-RUA TAMOIOS-QU 14-LT 16;29 (ACG) Secundária;ACG;GO;APARECIDA DE GOIANIA;APARECIDA DE GOIANIA;62198;ACG;RUA TAMOIOS;2600282810;SN;QU 14;LT 16;CA 2;74987015;INTERNACIONAL PARK;H373565;1;0;Viável;REUSO;1;0;CDOE-2920;37600046;-16,8297975;-49,2257848;MORADIA;;N;N;Sim;;;878509256;;92979521;1891601;4;CA4;GO-GNA-ACG-CEOS-29;FALSO
ACG-APARECIDA DE GOIANIA-RUA TAMOIOS-QU 14-LT 16;29 (ACG) Secundária;ACG;GO;APARECIDA DE GOIANIA;APARECIDA DE GOIANIA;62198;ACG;RUA TAMOIOS;2600282810;SN;QU 14;LT 16;SL 1;74987015;INTERNACIONAL PARK;H1218055;1;0;Viável;REUSO;1;0;CDOE-2920;78965902;-16,8297949;-49,2257401;MORADIA;;N;N;Sim;;;878509256;;92979521;1891601;2;SL2;GO-GNA-ACG-CEOS-29;FALSO
ACG-APARECIDA DE GOIANIA-RUA BENEDITO BATISTA DE TOLEDO-QU 8-LT 5;2 (ACG) Secundária;ACG;GO;APARECIDA DE GOIANIA;APARECIDA DE GOIANIA;62198;ACG;RUA BENEDITO BATISTA DE TOLEDO;2600184490;SN;QU 8;LT 5;CA 1;74980040;SETOR CENTRAL;H1336855;1;0;Viável;REUSO;1;0;CDOE-220;89422122;-16,8215501;-49,2452546;MORADIA;;N;N;Sim;;;2477942546;;6324161;1891601;3;CA3;GO-GNA-ACG-CEOS-2;FALSO
ACG-APARECIDA DE GOIANIA-RUA BENEDITO BATISTA DE TOLEDO-QU 9A-LT 1;4 (ACG) Secundária;ACG;GO;APARECIDA DE GOIANIA;APARECIDA DE GOIANIA;62198;ACG;RUA BENEDITO BATISTA DE TOLEDO;2600184490;SN;QU 9A;LT 1;CA 2;74980040;SETOR CENTRAL;H248727;1;0;Viável;REUSO;0;1;CDOE-437;28850248;-16,8210737;-49,2479574;MORADIA;;N;N;Sim;;;495667219;;6324161;1891601;1;CA1;GO-GNA-ACG-CEOS-4;FALSO
ACG-APARECIDA DE GOIANIA-RUA BENEDITO BATISTA DE TOLEDO-QU 9A-LT 8;4 (ACG) Secundária;ACG;GO;APARECIDA DE GOIANIA;APARECIDA DE GOIANIA;62198;ACG;RUA BENEDITO BATISTA DE TOLEDO;2600184490;SN;QU 9A;LT 8;CA 2;74980040;SETOR CENTRAL;H248718;1;0;Viável;REUSO;1;0;CDOE-437;28850217;-16,8211343;-49,2476255;MORADIA;;N;N;Sim;;;495667219;;6324161;1891601;1;CA1;GO-GNA-ACG-CEOS-4;FALSO
ACG-APARECIDA DE GOIANIA-RUA S BERNARDO-QU 4-LT 8;01 (ACG) Secundária;ACG;GO;APARECIDA DE GOIANIA;APARECIDA DE GOIANIA;62198;ACG;RUA S BERNARDO;2600136810;SN;QU 4;LT 8;CA 10;74980090;S CENTRAL;H471249;1;0;Viável;REUSO;0;1;CDOE-0114;44327879;-16,8209434;-49,2437737;MORADIA;;N;N;Sim;;;1168377308;;6675559;1891601;2;CA2;GO-GNA-ACG-CEOS-01;FALSO
ACG-APARECIDA DE GOIANIA-RUA S BERNARDO-QU 4-LT 8;01 (ACG) Secundária;ACG;GO;APARECIDA DE GOIANIA;APARECIDA DE GOIANIA;62198;ACG;RUA S BERNARDO;2600136810;SN;QU 4;LT 8;CA 2;74980090;S CENTRAL;H471252;1;0;Viável;REUSO;0;1;CDOE-0114;44327904;-16,8209733;-49,2439059;MORADIA;;N;N;Sim;;;1168377308;;6675559;1891601;3;CA3;GO-GNA-ACG-CEOS-01;FALSO
ACG-APARECIDA DE GOIANIA-RUA S BERNARDO-QU 4-LT 8;01 (ACG) Secundária;ACG;GO;APARECIDA DE GOIANIA;APARECIDA DE GOIANIA;62198;ACG;RUA S BERNARDO;2600136810;SN;QU 4;LT 8;CA 3;74980090;S CENTRAL;H471266;1;0;Viável;REUSO;0;1;CDOE-0114;44327932;-16,8209588;-49,2438716;MORADIA;;N;N;Sim;;;1168377308;;6675559;1891601;4;CA4;GO-GNA-ACG-CEOS-01;FALSO
ACG-APARECIDA DE GOIANIA-RUA S BERNARDO-QU 4-LT 8;01 (ACG) Secundária;ACG;GO;APARECIDA DE GOIANIA;APARECIDA DE GOIANIA;62198;ACG;RUA S BERNARDO;2600136810;SN;QU 4;LT 8;CA 4;74980090;S CENTRAL;H471248;1;0;Viável;REUSO;0;1;CDOE-0114;44327876;-16,8209709;-49,2438287;MORADIA;;N;N;Sim;;;1168377308;;6675559;1891601;5;CA5;GO-GNA-ACG-CEOS-01;FALSO
ACG-APARECIDA DE GOIANIA-RUA S BERNARDO-QU 4-LT 8;01 (ACG) Secundária;ACG;GO;APARECIDA DE GOIANIA;APARECIDA DE GOIANIA;62198;ACG;RUA S BERNARDO;2600136810;SN;QU 4;LT 8;CA 5;74980090;S CENTRAL;H471159;1;0;Viável;REUSO;0;1;CDOE-0114;44327580;-16,8209853;-49,2438036;MORADIA;;N;N;Sim;;;1168377308;;6675559;1891601;6;CA6;GO-GNA-ACG-CEOS-01;FALSO
ACG-APARECIDA DE GOIANIA-RUA S BERNARDO-QU 4-LT 8;01 (ACG) Secundária;ACG;GO;APARECIDA DE GOIANIA;APARECIDA DE GOIANIA;62198;ACG;RUA S BERNARDO;2600136810;SN;QU 4;LT 8;CA 6;74980090;S CENTRAL;H471244;1;0;Viável;REUSO;0;1;CDOE-0114;44327868;-16,8209374;-49,2438622;MORADIA;;N;N;Sim;;;1168377308;;6675559;1891601;7;CA7;GO-GNA-ACG-CEOS-01;FALSO
ACG-APARECIDA DE GOIANIA-RUA S BERNARDO-QU 4-LT 8;01 (ACG) Secundária;ACG;GO;APARECIDA DE GOIANIA;APARECIDA DE GOIANIA;62198;ACG;RUA S BERNARDO;2600136810;SN;QU 4;LT 8;CA 7;74980090;S CENTRAL;H471182;1;0;Viável;REUSO;0;1;CDOE-0114;44327671;-16,8209639;-49,2437798;MORADIA;;N;N;Sim;;;1168377308;;6675559;1891601;8;CA8;GO-GNA-ACG-CEOS-01;FALSO
ACG-APARECIDA DE GOIANIA-RUA S BERNARDO-QU 4-LT 8;01 (ACG) Secundária;ACG;GO;APARECIDA DE GOIANIA;APARECIDA DE GOIANIA;62198;ACG;RUA S BERNARDO;2600136810;SN;QU 4;LT 8;CA 8;74980090;S CENTRAL;H471181;1;0;Viável;REUSO;0;1;CDOE-0114;44327689;-16,8209508;-49,2438207;MORADIA;;N;N;Sim;;;1168377308;;6675559;1891601;9;CA9;GO-GNA-ACG-CEOS-01;FALSO
ACG-APARECIDA DE GOIANIA-RUA S BERNARDO-QU 4-LT 8;01 (ACG) Secundária;ACG;GO;APARECIDA DE GOIANIA;APARECIDA DE GOIANIA;62198;ACG;RUA S BERNARDO;2600136810;SN;QU 4;LT 8;CA 9;74980090;S CENTRAL;H471162;1;0;Viável;REUSO;0;1;CDOE-0114;44327612;-16,8209294;-49,2438147;MORADIA;;N;N;Sim;;;1168377308;;6675559;1891601;10;CA10;GO-GNA-ACG-CEOS-01;FALSO
ACG-APARECIDA DE GOIANIA-RUA S DOMINGOS-QU 3-LT 7;01 (ACG) Secundária;ACG;GO;APARECIDA DE GOIANIA;APARECIDA DE GOIANIA;62198;ACG;RUA S DOMINGOS;2608758980;SN;QU 3;LT 7;CA 1;74980114;SETOR CENTRAL;H471183;1;0;Viável;REUSO;0;1;CDOE-0114;44327655;-16,8210593;-49,2435739;MORADIA;;N;N;Sim;;;1168377308;;62963415;1891601;2;CA2;GO-GNA-ACG-CEOS-01;FALSO
ACG-APARECIDA DE GOIANIA-RUA S DOMINGOS-QU 3-LT 7;01 (ACG) Secundária;ACG;GO;APARECIDA DE GOIANIA;APARECIDA DE GOIANIA;62198;ACG;RUA S DOMINGOS;2608758980;SN;QU 3;LT 7;SL 1;74980114;SETOR CENTRAL;H471163;1;0;Viável;REUSO;1;0;CDOE-0116;44327628;-16,8211579;-49,2431189;MORADIA;;N;N;Sim;;;1168377308;;62963415;1891601;2;SL2;GO-GNA-ACG-CEOS-01;FALSO
ACG-APARECIDA DE GOIANIA-RUA S DOMINGOS-QU 5-LT 2;135 (ACG) Secundária;ACG;GO;APARECIDA DE GOIANIA;APARECIDA DE GOIANIA;62198;ACG;RUA S DOMINGOS;2608758980;SN;QU 5;LT 2;SL 1;74980114;SETOR CENTRAL;H1175049;1;0;Viável;REUSO;0;1;CDOE-13502;77293163;-16,8217886;-49,241995;MORADIA;;N;N;Sim;;;2478061939;;62963415;1891601;2;SL2;GO-GNA-ACG-CEOS-135;FALSO
ACG-APARECIDA DE GOIANIA-RUA S DOMINGOS-QU 5-LT 2;135 (ACG) Secundária;ACG;GO;APARECIDA DE GOIANIA;APARECIDA DE GOIANIA;62198;ACG;RUA S DOMINGOS;2608758980;SN;QU 5;LT 2;SL 2;74980114;SETOR CENTRAL;H1175048;1;0;Viável;REUSO;0;1;CDOE-13502;77293066;-16,8217698;-49,241987;MORADIA;;N;N;Sim;;;2478061939;;91855401;1891601;3;SL3;GO-GNA-ACG-CEOS-135;FALSO
ACG-APARECIDA DE GOIANIA-RUA S DOMINGOS-QU 5-LT 2;135 (ACG) Secundária;ACG;GO;APARECIDA DE GOIANIA;APARECIDA DE GOIANIA;62198;ACG;RUA S DOMINGOS;2608758980;SN;QU 5;LT 2;SL 2;74980114;SETOR CENTRAL;H1175048;1;0;Viável;REUSO;0;1;CDOE-13502;77293066;-16,8217698;-49,241987;MORADIA;;N;N;Sim;;;2478061939;;62963415;1891601;4;SL4;GO-GNA-ACG-CEOS-135;FALSO
ACG-APARECIDA DE GOIANIA-RUA S DOMINGOS-QU 7-LT 6B;2 (ACG) Secundária;ACG;GO;APARECIDA DE GOIANIA;APARECIDA DE GOIANIA;62198;ACG;RUA S DOMINGOS;2608758980;100;QU 7;LT 6B;SL 1;74980900;SETOR CENTRAL;H1174957;1;0;Viável;REUSO;0;1;CDOE-210;77292596;-16,8210755;-49,2444088;MORADIA;;N;N;Sim;;;2477942546;;62963415;1891601;2;SL2;GO-GNA-ACG-CEOS-2;FALSO
ACG-APARECIDA DE GOIANIA-RUA S DOMINGOS-QU 7-LT 6B;2 (ACG) Secundária;ACG;GO;APARECIDA DE GOIANIA;APARECIDA DE GOIANIA;62198;ACG;RUA S DOMINGOS;2608758980;100;QU 7;LT 6B;SL 2;74980900;SETOR CENTRAL;H1174907;1;0;Viável;REUSO;0;1;CDOE-210;77292415;-16,8211157;-49,2444209;MORADIA;;N;N;Sim;;;2477942546;;91855401;1891601;3;SL3;GO-GNA-ACG-CEOS-2;FALSO
ACG-APARECIDA DE GOIANIA-RUA S DOMINGOS-QU 7-LT 6B;2 (ACG) Secundária;ACG;GO;APARECIDA DE GOIANIA;APARECIDA DE GOIANIA;62198;ACG;RUA S DOMINGOS;2608758980;100;QU 7;LT 6B;SL 2;74980900;SETOR CENTRAL;H1174907;1;0;Viável;REUSO;0;1;CDOE-210;77292415;-16,8211157;-49,2444209;MORADIA;;N;N;Sim;;;2477942546;;62963415;1891601;4;SL4;GO-GNA-ACG-CEOS-2;FALSO
ACG-APARECIDA DE GOIANIA-RUA S DOMINGOS-QU 7-LT 7;2 (ACG) Secundária;ACG;GO;APARECIDA DE GOIANIA;APARECIDA DE GOIANIA;62198;ACG;RUA S DOMINGOS;2608758980;220;QU 7;LT 7;CA 1;74980114;SETOR CENTRAL;H1174643;1;0;Viável;REUSO;1;0;CDOE-210;77291095;-16,8210231;-49,2447982;MORADIA;;N;N;Sim;;;2477942546;;62963415;1891601;2;CA2;GO-GNA-ACG-CEOS-2;FALSO
ACG-APARECIDA DE GOIANIA-RUA S DOMINGOS-QU 7-LT 7;2 (ACG) Secundária;ACG;GO;APARECIDA DE GOIANIA;APARECIDA DE GOIANIA;62198;ACG;RUA S DOMINGOS;2608758980;220;QU 7;LT 7;CA 2;74980114;SETOR CENTRAL;H1174729;1;0;Viável;REUSO;1;0;CDOE-210;77291375;-16,8210332;-49,2447439;MORADIA;;N;N;Sim;;;2477942546;;91855401;1891601;3;CA3;GO-GNA-ACG-CEOS-2;FALSO
ACG-APARECIDA DE GOIANIA-RUA S DOMINGOS-QU 7-LT 7;2 (ACG) Secundária;ACG;GO;APARECIDA DE GOIANIA;APARECIDA DE GOIANIA;62198;ACG;RUA S DOMINGOS;2608758980;220;QU 7;LT 7;CA 2;74980114;SETOR CENTRAL;H1174729;1;0;Viável;REUSO;1;0;CDOE-210;77291375;-16,8210332;-49,2447439;MORADIA;;N;N;Sim;;;2477942546;;62963415;1891601;4;CA4;GO-GNA-ACG-CEOS-2;FALSO
ACG-APARECIDA DE GOIANIA-RUA S DOMINGOS-QU 7-LT 7;2 (ACG) Secundária;ACG;GO;APARECIDA DE GOIANIA;APARECIDA DE GOIANIA;62198;ACG;RUA S DOMINGOS;2608758980;220;QU 7;LT 7;SL 1;74980114;SETOR CENTRAL;H1174735;1;0;Viável;REUSO;0;1;CDOE-210;77291391;-16,8209778;-49,2447905;MORADIA;;N;N;Sim;;;2477942546;;62963415;1891601;2;SL2;GO-GNA-ACG-CEOS-2;FALSO
ACG-APARECIDA DE GOIANIA-RUA S DOMINGOS-QU 7-LT 7;2 (ACG) Secundária;ACG;GO;APARECIDA DE GOIANIA;APARECIDA DE GOIANIA;62198;ACG;RUA S DOMINGOS;2608758980;220;QU 7;LT 7;SL 2;74980114;SETOR CENTRAL;H1174867;1;0;Viável;REUSO;0;1;CDOE-210;77292265;-16,8209853;-49,2447442;MORADIA;;N;N;Sim;;;2477942546;;91855401;1891601;3;SL3;GO-GNA-ACG-CEOS-2;FALSO
ACG-APARECIDA DE GOIANIA-RUA S DOMINGOS-QU 7-LT 7;2 (ACG) Secundária;ACG;GO;APARECIDA DE GOIANIA;APARECIDA DE GOIANIA;62198;ACG;RUA S DOMINGOS;2608758980;220;QU 7;LT 7;SL 2;74980114;SETOR CENTRAL;H1174867;1;0;Viável;REUSO;0;1;CDOE-210;77292265;-16,8209853;-49,2447442;MORADIA;;N;N;Sim;;;2477942546;;62963415;1891601;4;SL4;GO-GNA-ACG-CEOS-2;FALSO
ACG-APARECIDA DE GOIANIA-RUA S DOMINGOS-QU 7-LT 7;2 (ACG) Secundária;ACG;GO;APARECIDA DE GOIANIA;APARECIDA DE GOIANIA;62198;ACG;RUA S DOMINGOS;2608758980;220;QU 7;LT 7;SL 3;74980114;SETOR CENTRAL;H1174879;1;0;Viável;REUSO;0;1;CDOE-210;77292315;-16,8209618;-49,2448334;MORADIA;;N;N;Sim;;;2477942546;;91855401;1891601;5;SL5;GO-GNA-ACG-CEOS-2;FALSO
ACG-APARECIDA DE GOIANIA-RUA S DOMINGOS-QU 7-LT 7;2 (ACG) Secundária;ACG;GO;APARECIDA DE GOIANIA;APARECIDA DE GOIANIA;62198;ACG;RUA S DOMINGOS;2608758980;220;QU 7;LT 7;SL 3;74980114;SETOR CENTRAL;H1174879;1;0;Viável;REUSO;0;1;CDOE-210;77292315;-16,8209618;-49,2448334;MORADIA;;N;N;Sim;;;2477942546;;62963415;1891601;6;SL6;GO-GNA-ACG-CEOS-2;FALSO
ACG-APARECIDA DE GOIANIA-RUA S DOMINGOS-QU 3-LT 6;2 (ACG) Secundária;ACG;GO;APARECIDA DE GOIANIA;APARECIDA DE GOIANIA;62198;ACG;RUA S DOMINGOS;2608758980;328;QU 3;LT 6;CA 1;74980114;SETOR CENTRAL;H1174768;1;0;Viável;REUSO;1;0;CDOE-210;77291757;-16,8209688;-49,2441109;MORADIA;;N;N;Sim;;;2477942546;;62963415;1891601;2;CA2;GO-GNA-ACG-CEOS-2;FALSO
ACG-APARECIDA DE GOIANIA-RUA S DOMINGOS-QU 3-LT 6;2 (ACG) Secundária;ACG;GO;APARECIDA DE GOIANIA;APARECIDA DE GOIANIA;62198;ACG;RUA S DOMINGOS;2608758980;328;QU 3;LT 6;CA 2;74980114;SETOR CENTRAL;H1174889;1;0;Viável;REUSO;1;0;CDOE-210;77292357;-16,821007;-49,2441082;MORADIA;;N;N;Sim;;;2477942546;;91855401;1891601;3;CA3;GO-GNA-ACG-CEOS-2;FALSO
ACG-APARECIDA DE GOIANIA-RUA S DOMINGOS-QU 3-LT 6;2 (ACG) Secundária;ACG;GO;APARECIDA DE GOIANIA;APARECIDA DE GOIANIA;62198;ACG;RUA S DOMINGOS;2608758980;328;QU 3;LT 6;CA 2;74980114;SETOR CENTRAL;H1174889;1;0;Viável;REUSO;1;0;CDOE-210;77292357;-16,821007;-49,2441082;MORADIA;;N;N;Sim;;;2477942546;;62963415;1891601;4;CA4;GO-GNA-ACG-CEOS-2;FALSO
ACG-APARECIDA DE GOIANIA-RUA S DOMINGOS-QU 3-LT 6;2 (ACG) Secundária;ACG;GO;APARECIDA DE GOIANIA;APARECIDA DE GOIANIA;62198;ACG;RUA S DOMINGOS;2608758980;328;QU 3;LT 6;SL 1;74980114;SETOR CENTRAL;H1174951;1;0;Viável;REUSO;0;1;CDOE-210;77292553;-16,8209939;-49,2441496;MORADIA;;N;N;Sim;;;2477942546;;62963415;1891601;2;SL2;GO-GNA-ACG-CEOS-2;FALSO
ACG-APARECIDA DE GOIANIA-RUA S DOMINGOS-QU 3-LT 4;2 (ACG) Secundária;ACG;GO;APARECIDA DE GOIANIA;APARECIDA DE GOIANIA;62198;ACG;RUA S DOMINGOS;2608758980;352;QU 3;LT 4;CA 1;74980114;SETOR CENTRAL;H1174848;1;0;Viável;REUSO;1;0;CDOE-210;77292231;-16,8208954;-49,2443235;MORADIA;;N;N;Sim;;;2477942546;;62963415;1891601;2;CA2;GO-GNA-ACG-CEOS-2;FALSO
ACG-APARECIDA DE GOIANIA-RUA S DOMINGOS-QU 3-LT 4;2 (ACG) Secundária;ACG;GO;APARECIDA DE GOIANIA;APARECIDA DE GOIANIA;62198;ACG;RUA S DOMINGOS;2608758980;352;QU 3;LT 4;CA 2;74980114;SETOR CENTRAL;H1174667;1;0;Viável;REUSO;1;0;CDOE-210;77291155;-16,8209303;-49,2443489;MORADIA;;N;N;Sim;;;2477942546;;91855401;1891601;3;CA3;GO-GNA-ACG-CEOS-2;FALSO
ACG-APARECIDA DE GOIANIA-RUA S DOMINGOS-QU 3-LT 4;2 (ACG) Secundária;ACG;GO;APARECIDA DE GOIANIA;APARECIDA DE GOIANIA;62198;ACG;RUA S DOMINGOS;2608758980;352;QU 3;LT 4;CA 2;74980114;SETOR CENTRAL;H1174667;1;0;Viável;REUSO;1;0;CDOE-210;77291155;-16,8209303;-49,2443489;MORADIA;;N;N;Sim;;;2477942546;;62963415;1891601;4;CA4;GO-GNA-ACG-CEOS-2;FALSO
ACG-APARECIDA DE GOIANIA-RUA S DOMINGOS-QU 8-LT 8;2 (ACG) Secundária;ACG;GO;APARECIDA DE GOIANIA;APARECIDA DE GOIANIA;62198;ACG;RUA S DOMINGOS;2608758980;461;QU 8;LT 8;CA 1;74980114;SETOR CENTRAL;H1174857;1;0;Viável;REUSO;1;0;CDOE-210;77292246;-16,8208535;-49,2452457;MORADIA;;N;N;Sim;;;2477942546;;62963415;1891601;2;CA2;GO-GNA-ACG-CEOS-2;FALSO
ACG-APARECIDA DE GOIANIA-RUA S DOMINGOS-QU 8-LT 8;2 (ACG) Secundária;ACG;GO;APARECIDA DE GOIANIA;APARECIDA DE GOIANIA;62198;ACG;RUA S DOMINGOS;2608758980;461;QU 8;LT 8;CA 2;74980114;SETOR CENTRAL;H1174752;1;0;Viável;REUSO;1;0;CDOE-210;77291500;-16,8208381;-49,2453047;MORADIA;;N;N;Sim;;;2477942546;;91855401;1891601;3;CA3;GO-GNA-ACG-CEOS-2;FALSO
ACG-APARECIDA DE GOIANIA-RUA S DOMINGOS-QU 8-LT 8;2 (ACG) Secundária;ACG;GO;APARECIDA DE GOIANIA;APARECIDA DE GOIANIA;62198;ACG;RUA S DOMINGOS;2608758980;461;QU 8;LT 8;CA 2;74980114;SETOR CENTRAL;H1174752;1;0;Viável;REUSO;1;0;CDOE-210;77291500;-16,8208381;-49,2453047;MORADIA;;N;N;Sim;;;2477942546;;62963415;1891601;4;CA4;GO-GNA-ACG-CEOS-2;FALSO
ACG-APARECIDA DE GOIANIA-RUA S DOMINGOS-QU 3-LT 1;2 (ACG) Secundária;ACG;GO;APARECIDA DE GOIANIA;APARECIDA DE GOIANIA;62198;ACG;RUA S DOMINGOS;2608758980;SN;QU 3;LT 1;CA 1;74980114;SETOR CENTRAL;H1174697;1;0;Viável;REUSO;1;0;CDOE-210;77291272;-16,8207837;-49,2447389;MORADIA;;N;N;Sim;;;2477942546;;62963415;1891601;2;CA2;GO-GNA-ACG-CEOS-2;FALSO
ACG-APARECIDA DE GOIANIA-RUA S DOMINGOS-QU 3-LT 1;2 (ACG) Secundária;ACG;GO;APARECIDA DE GOIANIA;APARECIDA DE GOIANIA;62198;ACG;RUA S DOMINGOS;2608758980;SN;QU 3;LT 1;CA 2;74980114;SETOR CENTRAL;H1174950;1;0;Viável;REUSO;1;0;CDOE-210;77292543;-16,8207898;-49,2446631;MORADIA;;N;N;Sim;;;2477942546;;91855401;1891601;3;CA3;GO-GNA-ACG-CEOS-2;FALSO
ACG-APARECIDA DE GOIANIA-RUA S DOMINGOS-QU 3-LT 1;2 (ACG) Secundária;ACG;GO;APARECIDA DE GOIANIA;APARECIDA DE GOIANIA;62198;ACG;RUA S DOMINGOS;2608758980;SN;QU 3;LT 1;CA 2;74980114;SETOR CENTRAL;H1174950;1;0;Viável;REUSO;1;0;CDOE-210;77292543;-16,8207898;-49,2446631;MORADIA;;N;N;Sim;;;2477942546;;62963415;1891601;4;CA4;GO-GNA-ACG-CEOS-2;FALSO
ACG-APARECIDA DE GOIANIA-RUA S DOMINGOS-QU 3-LT 1;2 (ACG) Secundária;ACG;GO;APARECIDA DE GOIANIA;APARECIDA DE GOIANIA;62198;ACG;RUA S DOMINGOS;2608758980;SN;QU 3;LT 1;CA 3;74980114;SETOR CENTRAL;H1174912;1;0;Viável;REUSO;1;0;CDOE-210;77292435;-16,8208233;-49,2447382;MORADIA;;N;N;Sim;;;2477942546;;91855401;1891601;5;CA5;GO-GNA-ACG-CEOS-2;FALSO
